state,stateID,year,gini,public,noProfit,profit,private/public,noProfit/public,profit/public,elite,urban_rate,per_square_mile,migrate,health_insurance,white_percent,Employment,Population,total_tax,governor,houOe,Oenate,%member
Alabama,1,2010,0.4720 ,251980,19140,22773,0.16633463,0.075958409,0.09037622,0,4.4,94,6336,0.148,64.0978,2460298,4787998,"8,419,911",R,D,D,10.1
Alabama,1,2011,0.4735 ,251843,15365,23311,0.153571868,0.061010233,0.092561636,0,4.4,94,,0.141,64.0978,2497933,4812138,"761,836,690",R,R,R,10
Alabama,1,2012,0.4726 ,246324,15432,23131,0.15655397,0.062649194,0.093904776,0,4.4,94,7235,0.133,64.0978,2503678,4839261,"9,049,294",R,R,R,9.2
Alabama,1,2013,0.4752 ,246022,17781,22461,0.163570738,0.072274024,0.091296713,0,4.4,94,,0.137,64.0978,2523338,4864399,"9,266,469",R,R,R,10.8
Alabama,1,2014,0.4758 ,246440,37768,22807,0.245800195,0.153254342,0.092545853,0,4.4,94,8088,0.12,64.0978,2551872,4886793,"9,296,846",R,R,R,10.8
Alabama,1,2015,0.4811 ,246880,33501,23195,0.229650032,0.135697505,0.093952528,0,4.4,94,,0.102,64.0978,2587451,4908162,"9,755,439",R,R,R,10.2
Alabama,1,2016,0.4847 ,248676,33294,22543,0.224537149,0.133885055,0.090652093,0,4.4,94,8779,0.092,64.0978,2619737,4930595,"10,355,317",R,R,R,8.1
Alabama,1,2017,0.4768 ,253622,35098,23763,0.232081602,0.138387048,0.093694553,0,4.4,94,,0.095,64.0978,2649812,4952202,"10,417,084",R,R,R,7.4
Alabama,1,2018,0.4859 ,254644,21104,24278,0.178217433,0.082876486,0.095340947,0,4.4,94,7899,0.102,64.0978,2692383,4976395,"11,055,577",R,R,R,9.3
Alabama,1,2019,0.4741 ,254318,20034,23850,0.172555619,0.078775391,0.093780228,0,4.4,94,,0.097,64.0978,2712704,5003418,"11,782,220",R,R,R,8.5
Alaska,2,2010,0.4220 ,32015,0,732,0.022864282,0,0.022864282,0,0,1,-1273,0.181,59.367,443904,714014,"4,522,927",R,R,D,22.9
Alaska,2,2011,0.4099 ,31932,0,692,0.021671051,0,0.021671051,0,0,1,,0.2,59.367,450364,722511,"796,917,528",R,R,D,22.1
Alaska,2,2012,0.4232 ,30364,0,657,0.021637465,0,0.021637465,0,0,1,-819,0.203,59.367,459222,731106,"7,049,398",R,R,D,22.4
Alaska,2,2013,0.4083 ,30253,0,669,0.022113509,0,0.022113509,0,0,1,,0.186,59.367,461110,738057,"5,132,811",R,R,R,23.1
Alaska,2,2014,0.4175 ,29003,0,579,0.019963452,0,0.019963452,0,0,1,-918,0.175,59.367,461327,737638,"3,392,869",R,R,R,22.8
Alaska,2,2015,0.4322 ,28393,0,516,0.018173493,0,0.018173493,0,0,1,,0.145,59.367,461649,739127,"1,363,350",O,R,R,19.6
Alaska,2,2016,0.4081 ,27352,0,541,0.019779175,0,0.019779175,0,0,1,-1136,0.145,59.367,457120,743410,"896,921",O,R,R,18.5
Alaska,2,2017,0.4241 ,25850,0,509,0.019690522,0,0.019690522,0,0,1,,0.139,59.367,455705,741949,"1,208,929",O,D,R,18.1
Alaska,2,2018,0.4322 ,24649,0,502,0.020365938,0,0.020365938,0,0,1,-1267,0.12,59.367,454871,737717,"1,656,352",O,D,R,18.4
Alaska,2,2019,0.4376 ,22328,0,529,0.023692225,0,0.023692225,0,0,1,,0.115,59.367,454742,734823,"1,780,911",R,O,R,17.1
Arizona,3,2010,0.4550 ,312193,452231,1132,1.45218823,1.448562268,0.003625962,0,1.9,56,5604,0.17,60.4396,3181571,6402024,"10,719,958",R,R,R,6.4
Arizona,3,2011,0.4600 ,328852,456887,1134,1.392787637,1.389339277,0.00344836,0,1.9,56,,0.172,60.4396,3239045,6446537,"847,096,988",R,R,R,6
Arizona,3,2012,0.4608 ,359015,416261,1065,1.162419398,1.159452948,0.00296645,0,1.9,56,5960,0.175,60.4396,3295537,6507351,"12,996,421",R,R,R,5.2
Arizona,3,2013,0.4681 ,354219,363137,1698,1.02997016,1.025176515,0.004793645,0,1.9,56,,0.174,60.4396,3371219,6563216,"13,471,690",R,R,R,5
Arizona,3,2014,0.4676 ,354772,337809,1713,0.957014646,0.952186193,0.004828453,0,1.9,56,7202,0.137,60.4396,3448173,6638196,"13,424,271",R,R,R,5.3
Arizona,3,2015,0.4702 ,360764,295642,2485,0.8263768,0.819488641,0.00688816,0,1.9,56,,0.111,60.4396,3547627,6714328,"13,721,262",R,R,R,5.2
Arizona,3,2016,0.4713 ,361124,249521,2326,0.69739757,0.690956569,0.006441001,0,1.9,56,7527,0.1,60.4396,3644774,6801591,"15,019,709",R,R,R,4.5
Arizona,3,2017,0.4668 ,366387,208158,2198,0.574136091,0.56813697,0.005999121,0,1.9,56,,0.1,60.4396,3740003,6879830,"15,299,010",R,R,R,4
Arizona,3,2018,0.4613 ,366739,108505,92491,0.548062791,0.295864361,0.25219843,0,1.9,56,7428,0.106,60.4396,3854506,6969944,"16,310,140",R,R,R,5.3
Arizona,3,2019,0.4591 ,377217,103995,98074,0.535683705,0.27569012,0.259993585,0,1.9,56,,0.111,60.4396,3929402,7070511,"18,163,903",R,R,R,5.7
Arkansas,4,2010,0.4580 ,148800,0,13285,0.089280914,0,0.089280914,0,2.1,56,2821,0.175,70.214,1541272,2921561,"7,559,898",D,D,D,4
Arkansas,4,2011,0.4684 ,151751,0,14120,0.093047163,0,0.093047163,0,2.1,56,,0.17,70.214,1561948,2938833,"876,866,836",D,D,D,4.2
Arkansas,4,2012,0.4632 ,154573,0,13633,0.088197809,0,0.088197809,0,2.1,56,3172,0.164,70.214,1565142,2948887,"8,287,744",D,D,D,3.2
Arkansas,4,2013,0.4685 ,150676,0,13789,0.091514242,0,0.091514242,0,2.1,56,,0.162,70.214,1569249,2954685,"8,586,407",D,R,R,3.5
Arkansas,4,2014,0.4714 ,150394,0,13780,0.091625996,0,0.091625996,0,2.1,56,3313,0.118,70.214,1587414,2961191,"8,917,322",D,R,R,4.7
Arkansas,4,2015,0.4773 ,149236,0,15435,0.103426787,0,0.103426787,0,2.1,56,,0.094,70.214,1610805,2970352,"9,168,570",R,R,R,5.1
Arkansas,4,2016,0.4719 ,148509,0,15955,0.107434566,0,0.107434566,0,2.1,56,3676,0.08,70.214,1629698,2980602,"9,430,833",R,R,R,4
Arkansas,4,2017,0.4725 ,145759,0,15442,0.105942,0,0.105942,0,2.1,56,,0.08,70.214,1641045,2990801,"9,516,281",R,R,R,5.1
Arkansas,4,2018,0.4845 ,141568,0,15255,0.107757403,0,0.107757403,0,2.1,56,3508,0.083,70.214,1658921,2997271,"9,819,284",R,R,R,4.8
Arkansas,4,2019,0.4750 ,140286,0,15310,0.109134197,0,0.109134197,0,2.1,56,,0.091,70.214,1664839,3004248,"10,217,866",R,R,R,5.1
California,5,2010,0.4710 ,2214878,105507,259433,0.16476754,0.047635581,0.117131959,0,5.3,239,-9403,0.186,41.2161,19642444,37322360,"107,195,465",R,D,D,17.5
California,5,2011,0.4812 ,2172474,121817,267202,0.179067275,0.056072938,0.122994337,0,5.3,239,,0.182,41.2161,19986021,37650514,"911,430,327",D,D,D,17.1
California,5,2012,0.4822 ,2128941,131263,276588,0.19157459,0.061656476,0.129918114,0,5.3,239,-12539,0.179,41.2161,20666908,37970368,"115,178,568",D,D,D,17.2
California,5,2013,0.4903 ,2147962,106700,285792,0.182727627,0.049674994,0.133052633,0,5.3,239,,0.172,41.2161,21319995,38291358,"133,184,246",D,D,D,16.4
California,5,2014,0.4890 ,2166659,99445,287570,0.17862294,0.045897855,0.132725085,0,5.3,239,-12435,0.125,41.2161,21997098,38636290,"138,087,357",D,D,D,16.3
California,5,2015,0.4876 ,2198371,84785,286035,0.168679445,0.038567194,0.130112251,0,5.3,239,,0.085,41.2161,22687196,38966055,"151,234,534",D,D,D,15.9
California,5,2016,0.4899 ,2224614,81335,286030,0.165136514,0.036561399,0.128575115,0,5.3,239,-12316,0.074,41.2161,23177898,39223210,"155,191,714",D,D,D,15.9
California,5,2017,0.4866 ,2242498,89114,291209,0.169597922,0.03973872,0.129859202,0,5.3,239,,0.072,41.2161,23549113,39424071,"159,051,926",D,D,D,15.5
California,5,2018,0.4912 ,2248965,87351,294476,0.169778987,0.038840533,0.130938454,0,5.3,239,-10740,0.072,41.2161,24078517,39535906,"178,437,038",D,D,D,14.7
California,5,2019,0.4866 ,2246109,69118,307237,0.167558654,0.030772327,0.136786327,0,5.3,239,,0.078,41.2161,24227563,39547996,"187,638,267",D,D,D,15.1
Colorado,6,2010,0.4570 ,269407,2173,30129,0.119900374,0.008065863,0.111834511,0,1.5,49,-1188,0.158,70.7158,3143637,5047005,"8,575,262",D,D,D,6.6
Colorado,6,2011,0.4588 ,269298,5281,31052,0.134917452,0.019610246,0.115307206,0,1.5,49,,0.152,70.7158,3204078,5119188,"923,470,479",D,R,D,8.2
Colorado,6,2012,0.4579 ,267186,6311,30625,0.138240776,0.02362025,0.114620527,0,1.5,49,-853,0.145,70.7158,3262925,5188703,"10,262,977",D,R,D,7.8
Colorado,6,2013,0.4614 ,263821,28552,32344,0.230823172,0.108224895,0.122598277,0,1.5,49,,0.139,70.7158,3356175,5263512,"11,255,253",D,D,D,7.6
Colorado,6,2014,0.4584 ,258782,28292,32094,0.233346987,0.109327542,0.124019445,0,1.5,49,-1164,0.106,70.7158,3467519,5342996,"11,755,394",D,D,D,9.5
Colorado,6,2015,0.4580 ,255990,30416,33546,0.249861323,0.118817141,0.131044181,0,1.5,49,,0.081,70.7158,3574243,5442196,"12,747,749",D,D,R,8.4
Colorado,6,2016,0.4586 ,261062,30158,32388,0.239582934,0.115520451,0.124062483,0,1.5,49,73,0.077,70.7158,3666733,5529161,"12,887,859",D,D,R,9.8
Colorado,6,2017,0.4553 ,266528,30142,32047,0.233330082,0.113091307,0.120238774,0,1.5,49,,0.075,70.7158,3760540,5600169,"13,345,839",D,D,R,9.5
Colorado,6,2018,0.4561 ,267019,29912,32108,0.232268116,0.112021991,0.120246125,0,1.5,49,151,0.077,70.7158,3857800,5677250,"14,924,842",D,D,R,11
Colorado,6,2019,0.4548 ,270885,31698,31528,0.23340532,0.117016446,0.116388874,0,1.5,49,,0.078,70.7158,3893927,5735934,"15,869,834",D,D,D,9.1
Connecticut,7,2010,0.4860 ,127194,0,59555,0.468221771,0,0.468221771,1,37.7,738,-5279,0.091,66.4217,2171933,3580279,"12,344,106",R,D,D,16.7
Connecticut,7,2011,0.4859 ,126487,0,63390,0.501158222,0,0.501158222,1,37.7,738,,0.086,66.4217,2206269,3594193,"949,845,264",D,D,D,16.8
Connecticut,7,2012,0.4915 ,124952,0,65974,0.52799475,0,0.52799475,1,37.7,738,-5614,0.093,66.4217,2223221,3605259,"15,480,865",D,D,D,14
Connecticut,7,2013,0.4994 ,123093,0,66985,0.544182041,0,0.544182041,1,37.7,738,,0.094,66.4217,2246561,3610314,"15,993,624",D,D,D,13.5
Connecticut,7,2014,0.5005 ,122303,8366,68932,0.632020474,0.068403882,0.563616592,1,37.7,738,-5424,0.07,66.4217,2266029,3614695,"15,937,742",D,D,D,14.8
Connecticut,7,2015,0.4916 ,119766,7429,71015,0.654977206,0.06202929,0.592947915,1,37.7,738,,0.061,66.4217,2288113,3611995,"16,184,490",D,D,D,16.9
Connecticut,7,2016,0.4945 ,117345,7681,71663,0.676160041,0.06545656,0.610703481,1,37.7,738,-5261,0.049,66.4217,2301306,3607688,"15,659,420",D,D,D,17.5
Connecticut,7,2017,0.4943 ,116090,8540,71186,0.686760272,0.073563614,0.613196658,1,37.7,738,,0.056,66.4217,2300011,3607615,"16,686,545",D,D,D,17
Connecticut,7,2018,0.5014 ,114529,9845,72272,0.716997442,0.085960761,0.631036681,1,37.7,738,-4344,0.053,66.4217,2314371,3611318,"18,831,458",D,D,D,15.9
Connecticut,7,2019,0.5024 ,110665,10642,71558,0.742782271,0.096164099,0.646618172,1,37.7,738,,0.059,66.4217,2298480,3607159,"19,131,944",D,D,D,14.5
Delaware,8,2010,0.4400 ,40408,0,12420,0.307364878,0,0.307364878,0,20.9,461,-869,0.1,60.3833,522400,899762,"2,763,032",D,D,D,11.4
Delaware,8,2011,0.4404 ,40698,0,13026,0.320064868,0,0.320064868,0,20.9,461,,0.089,60.3833,530400,908169,"1,041,365,054",D,D,D,10.4
Delaware,8,2012,0.4356 ,41113,0,14228,0.346070586,0,0.346070586,0,20.9,461,1610,0.085,60.3833,534261,916572,"3,280,185",D,D,D,10.4
Delaware,8,2013,0.4513 ,40992,0,15472,0.3774395,0,0.3774395,0,20.9,461,,0.101,60.3833,544797,925599,"3,346,316",D,D,D,10.3
Delaware,8,2014,0.4494 ,41012,0,16267,0.396640008,0,0.396640008,0,20.9,461,1717,0.074,60.3833,556517,935160,"3,176,169",D,D,D,9.8
Delaware,8,2015,0.4523 ,40611,0,16805,0.413804142,0,0.413804142,0,20.9,461,,0.056,60.3833,568952,944596,"3,513,916",D,D,D,9.2
Delaware,8,2016,0.4522 ,41816,0,16959,0.405562464,0,0.405562464,0,20.9,461,1313,0.058,60.3833,578668,953030,"3,522,405",D,D,D,11.4
Delaware,8,2017,0.4811 ,42321,0,15874,0.375085655,0,0.375085655,0,20.9,461,,0.056,60.3833,584854,961499,"3,589,030",D,D,D,10.8
Delaware,8,2018,0.4587 ,42601,0,16255,0.381563813,0,0.381563813,0,20.9,461,1339,0.058,60.3833,597018,971072,"4,220,057",D,D,D,10.3
Delaware,8,2019,0.4509 ,42236,0,16016,0.379202576,0,0.379202576,0,20.9,461,,0.066,60.3833,602908,981297,"4,596,190",D,D,D,8.7
District of Columbia,9,2010,0.5320 ,5840,58916,76701,23.22208904,10.08835616,13.13373288,0,100,9856,6299,0.078,39.6195,809137,604795,"5,533,027",,,,9
District of Columbia,9,2011,0.5338 ,5280,51774,77338,24.4530303,9.805681818,14.64734848,0,100,9856,,0.076,39.6195,826761,617794,"5,835,111",,,,8.3
District of Columbia,9,2012,0.5343 ,5476,44055,77631,22.22169467,8.045105917,14.17658875,0,100,9856,5821,0.056,39.6195,834413,631132,"6,389,422",,,,8.6
District of Columbia,9,2013,0.5320 ,5347,39192,77648,21.85150552,7.329717599,14.52178792,0,100,9856,,0.063,39.6195,848226,644755,"6,605,298",,,,9.3
District of Columbia,9,2014,0.5224 ,5115,38159,77951,22.69990225,7.460215054,15.23968719,0,100,9856,6131,0.055,39.6195,860669,654557,"6,843,791",,,,8.6
District of Columbia,9,2015,0.5354 ,5118,42189,78726,23.62543962,8.243259086,15.38218054,0,100,9856,,0.037,39.6195,873232,665633,"7,109,329",,,,10.4
District of Columbia,9,2016,0.5420 ,4587,43762,78400,26.6322215,9.540440375,17.09178112,0,100,9856,5473,0.04,39.6195,892766,673833,"7,404,521",,,,9.5
District of Columbia,9,2017,0.5281 ,4529,44970,80508,27.70545374,9.929344226,17.77610952,0,100,9856,,0.036,39.6195,903304,680945,"7,653,053",,,,9.7
District of Columbia,9,2018,0.5243 ,4500,49653,80774,28.98377778,11.034,17.94977778,0,100,9856,5815,0.032,39.6195,914601,685632,"7,959,386",,,,9.9
District of Columbia,9,2019,0.5115 ,4452,55779,80693,30.65408805,12.52897574,18.12511231,0,100,9856,,0.036,39.6195,915470,687408,"8,679,390",,,,9.3
Florida,10,2010,0.4740 ,782089,3830,135606,0.178286614,0.004897141,0.173389474,0,13.8,351,1714,0.213,57.6788,9805154,18842884,"30,484,883",O,R,R,5.6
Florida,10,2011,0.4811 ,795438,31982,135562,0.210631124,0.040206779,0.170424345,0,13.8,351,,0.209,57.6788,10036634,19039100,"31,635,260",R,R,R,6.3
Florida,10,2012,0.4828 ,797168,41815,150249,0.240932902,0.052454439,0.188478464,0,13.8,351,-17,0.2,57.6788,10249024,19271885,"32,997,012",R,R,R,5.8
Florida,10,2013,0.4843 ,793700,41737,152706,0.244982991,0.05258536,0.192397631,0,13.8,351,,0.201,57.6788,10539255,19507621,"34,588,478",R,R,R,5.4
Florida,10,2014,0.4834 ,793548,38502,151905,0.239943898,0.048518804,0.191425093,0,13.8,351,817,0.166,57.6788,10937166,19795405,"36,335,598",R,R,R,5.7
Florida,10,2015,0.4872 ,792257,12174,168307,0.227806129,0.015366226,0.212439903,0,13.8,351,,0.134,57.6788,11367160,20145580,"37,217,689",R,R,R,6.8
Florida,10,2016,0.4852 ,797048,11848,160149,0.215792524,0.014864851,0.200927673,0,13.8,351,385,0.125,57.6788,11682235,20537931,"38,507,524",R,R,R,5.6
Florida,10,2017,0.4859 ,796589,10947,158663,0.212920339,0.013742344,0.199177995,0,13.8,351,,0.129,57.6788,12097885,20871785,"41,333,978",R,R,R,5.6
Florida,10,2018,0.4887 ,799026,10629,155920,0.208440026,0.013302446,0.19513758,0,13.8,351,673,0.132,57.6788,12555591,21133562,"45,961,204",R,R,R,5.6
Florida,10,2019,0.4808 ,797952,6296,157304,0.205024864,0.007890199,0.197134665,0,13.8,351,,0.131,57.6788,12761508,21354519,"45,017,095",R,R,R,6.2
Georgia,11,2010,0.4680 ,424448,0,66636,0.156994496,0,0.156994496,0,8.3,168,-829,0.198,51.8627,5211352,9712576,"14,782,779",R,R,R,4
Georgia,11,2011,0.4770 ,419290,0,67729,0.161532591,0,0.161532591,0,8.3,168,,0.196,51.8627,5325616,9805488,"16,003,250",R,R,R,4
Georgia,11,2012,0.4809 ,412583,0,67834,0.164412979,0,0.164412979,0,8.3,168,-1540,0.186,51.8627,5384572,9906963,"16,715,216",R,R,R,4.4
Georgia,11,2013,0.4837 ,403855,663,70034,0.175055404,0.001641678,0.173413725,0,8.3,168,,0.188,51.8627,5496783,9980513,"17,958,399",R,R,R,5.3
Georgia,11,2014,0.4801 ,404895,623,70339,0.175260253,0.001538671,0.173721582,0,8.3,168,-1522,0.158,51.8627,5670735,10077700,"18,618,093",R,R,R,4.3
Georgia,11,2015,0.4801 ,418453,662,71081,0.171448167,0.001582018,0.16986615,0,8.3,168,,0.139,51.8627,5832585,10191467,"19,732,308",R,R,R,4
Georgia,11,2016,0.4813 ,418039,622,72294,0.174423917,0.001487899,0.172936018,0,8.3,168,-818,0.129,51.8627,5973742,10318225,"21,606,561",R,R,R,3.9
Georgia,11,2017,0.4830 ,419799,593,74602,0.179121437,0.001412581,0.177708856,0,8.3,168,,0.134,51.8627,6127762,10428498,"22,592,761",R,R,R,4
Georgia,11,2018,0.4822 ,435744,384,76422,0.176264045,0.000881251,0.175382794,0,8.3,168,-253,0.138,51.8627,6287012,10532566,"23,602,510",R,R,R,4.5
Georgia,11,2019,0.4795 ,444793,302,77648,0.17525006,0.000678968,0.174571093,0,8.3,168,,0.134,51.8627,6397862,10642947,"24,723,046",R,R,R,4.1
Hawaii,12,2010,0.4330 ,60090,1985,5737,0.128507239,0.033033783,0.095473456,0,6.1,212,-1309,0.077,22.9003,824460,1365064,"4,837,862",R,D,D,21.8
Hawaii,12,2011,0.4301 ,60330,1951,5835,0.129056854,0.032338803,0.096718051,0,6.1,212,,0.072,22.9003,835012,1384943,"4,857,729",D,D,D,21.5
Hawaii,12,2012,0.4257 ,60295,1711,6078,0.129181524,0.028377146,0.100804378,0,6.1,212,-1458,0.066,22.9003,849156,1405024,"5,516,146",D,D,D,21.7
Hawaii,12,2013,0.4400 ,58941,1678,12370,0.238340035,0.028469147,0.209870888,0,6.1,212,,0.07,22.9003,868122,1423171,"6,092,893",D,D,D,22.1
Hawaii,12,2014,0.4325 ,57052,1401,11370,0.223848419,0.024556545,0.199291874,0,6.1,212,-1513,0.049,22.9003,882732,1434212,"6,052,795",D,D,D,21.7
Hawaii,12,2015,0.4346 ,55756,0,9965,0.17872516,0,0.17872516,0,6.1,212,,0.038,22.9003,901121,1446479,"6,485,563",D,D,D,20.3
Hawaii,12,2016,0.4420 ,53418,0,9224,0.172675877,0,0.172675877,0,6.1,212,-1865,0.035,22.9003,914893,1457008,"6,919,035",D,D,D,19.8
Hawaii,12,2017,0.4455 ,51674,0,9678,0.187289546,0,0.187289546,0,6.1,212,,0.038,22.9003,920697,1458361,"7,029,026",D,D,D,21.3
Hawaii,12,2018,0.4450 ,51063,0,9412,0.184321329,0,0.184321329,0,6.1,212,-1907,0.039,22.9003,924093,1460183,"7,714,451",D,D,D,23.1
Hawaii,12,2019,0.4397 ,49977,0,9433,0.188746824,0,0.188746824,0,6.1,212,,0.041,22.9003,913791,1457034,"8,207,524",D,D,D,23.4
Idaho,13,2010,0.4330 ,64204,0,16949,0.263986667,0,0.263986667,0,0.6,19,628,0.179,82.1247,868718,1571266,"2,951,703",R,R,R,7.1
Idaho,13,2011,0.4320 ,65753,0,20370,0.309795751,0,0.309795751,0,0.6,19,,0.157,82.1247,878541,1586530,"3,261,722",R,R,R,5.1
Idaho,13,2012,0.4302 ,78781,823,26552,0.347482261,0.010446681,0.33703558,0,0.6,19,994,0.161,82.1247,883148,1600013,"3,374,291",R,R,R,4.8
Idaho,13,2013,0.4376 ,75910,885,31060,0.420827295,0.011658543,0.409168752,0,0.6,19,,0.161,82.1247,902866,1618042,"3,579,023",R,R,R,4.7
Idaho,13,2014,0.4541 ,76806,837,40017,0.531911569,0.010897586,0.521013983,0,0.6,19,708,0.134,82.1247,925519,1640181,"3,669,222",R,R,R,5.3
Idaho,13,2015,0.4525 ,72339,990,47075,0.664441035,0.013685564,0.650755471,0,0.6,19,,0.113,82.1247,949506,1662421,"3,976,017",R,R,R,6.8
Idaho,13,2016,0.4503 ,74667,942,47949,0.654787255,0.012616015,0.64217124,0,0.6,19,2206,0.103,82.1247,976741,1696089,"4,212,672",R,R,R,6.1
Idaho,13,2017,0.4478 ,75792,898,55003,0.737558054,0.011848216,0.725709837,0,0.6,19,,0.107,82.1247,1007893,1734030,"4,500,758",R,R,R,4.8
Idaho,13,2018,0.4454 ,77133,869,45506,0.601234232,0.011266254,0.589967977,0,0.6,19,2362,0.111,82.1247,1041011,1768643,"4,835,969",R,R,R,4.7
Idaho,13,2019,0.4337 ,78824,1042,42347,0.550454176,0.013219324,0.537234852,0,0.6,19,,0.105,82.1247,1063670,1808039,"4,902,173",R,R,R,4.9
Illinois,14,2010,0.4650 ,585515,113842,219480,0.569280036,0.194430544,0.374849491,0,7.1,231,-14399,0.14,61.4105,7251002,12845511,"27,795,759",D,D,D,15.5
Illinois,14,2011,0.4718 ,577043,85207,219370,0.52782375,0.147661439,0.38016231,0,7.1,231,,0.129,61.4105,7376100,12892740,"30,880,437",D,D,D,16.2
Illinois,14,2012,0.4716 ,557137,78343,220421,0.536248714,0.140617119,0.395631595,0,7.1,231,-16401,0.13,61.4105,7434661,12928106,"36,257,762",D,D,D,14.6
Illinois,14,2013,0.4824 ,546483,86681,218854,0.55909333,0.158616096,0.400477234,0,7.1,231,,0.127,61.4105,7503158,12960987,"38,715,320",D,D,D,15.7
Illinois,14,2014,0.4765 ,529462,97022,217984,0.594954879,0.18324639,0.411708489,0,7.1,231,-17438,0.099,61.4105,7613484,12970348,"41,656,539",D,D,D,15.1
Illinois,14,2015,0.4817 ,509104,89898,216908,0.602639146,0.176580816,0.42605833,0,7.1,231,,0.071,61.4105,7748868,12964764,"40,821,385",R,D,D,15.2
Illinois,14,2016,0.4810 ,492578,83306,214595,0.604779345,0.169122454,0.435656891,0,7.1,231,-19630,0.065,61.4105,7804669,12946698,"37,118,719",R,D,D,14.5
Illinois,14,2017,0.4818 ,478042,74874,214005,0.604296275,0.156626405,0.44766987,0,7.1,231,,0.069,61.4105,7822427,12924504,"37,978,923",R,D,D,15
Illinois,14,2018,0.4852 ,465229,73154,212758,0.614561861,0.157242992,0.457318869,0,7.1,231,-19929,0.071,61.4105,7880083,12888646,"42,575,392",R,D,D,13.8
Illinois,14,2019,0.4800 ,447302,73717,212451,0.639764633,0.164803645,0.474960988,0,7.1,231,,0.073,61.4105,7859352,12850150,"45,453,840",D,D,D,13.6
Indiana,15,2010,0.4400 ,337705,84278,80496,0.487922891,0.249561007,0.238361884,0,7,181,7314,0.15,77.2496,3525335,6491352,"13,795,221",R,D,R,10.9
Indiana,15,2011,0.4461 ,340264,75550,83083,0.466205652,0.22203348,0.244172172,0,7,181,,0.146,77.2496,3590196,6521259,"15,060,893",R,R,R,11.2
Indiana,15,2012,0.4417 ,333769,62377,83471,0.436972876,0.186886739,0.250086137,0,7,181,6802,0.145,77.2496,3642334,6546242,"16,289,491",R,R,R,9.1
Indiana,15,2013,0.4554 ,335923,61208,87141,0.441616085,0.182208423,0.259407662,0,7,181,,0.141,77.2496,3684125,6581101,"16,881,138",R,R,R,9.3
Indiana,15,2014,0.4455 ,328442,57317,89151,0.445947839,0.174511786,0.271436053,0,7,181,7652,0.12,77.2496,3740428,6609839,"17,062,642",R,R,R,10.7
Indiana,15,2015,0.4519 ,321500,48419,89657,0.429474339,0.150603421,0.278870918,0,7,181,,0.099,77.2496,3796419,6628556,"17,435,854",R,R,R,10
Indiana,15,2016,0.4527 ,313489,3108,78434,0.2601112,0.009914223,0.250196977,0,7,181,9475,0.081,77.2496,3847508,6658366,"17,658,175",R,R,R,10.4
Indiana,15,2017,0.4497 ,301562,2292,77882,0.26586241,0.007600427,0.258261983,0,7,181,,0.084,77.2496,3903858,6685900,"18,170,514",R,R,R,8.9
Indiana,15,2018,0.4511 ,294731,0,112779,0.38265062,0,0.38265062,0,7,181,10504,0.085,77.2496,3963401,6725753,"22,056,726",R,R,R,8.8
Indiana,15,2019,0.4584 ,294512,0,112599,0.38232398,0,0.38232398,0,7,181,,0.088,77.2496,3971608,6761742,"22,968,677",R,R,R,8.3
Iowa,16,2010,0.4270 ,177781,643,55436,0.315438658,0.003616809,0.311821848,0,1.7,55,6528,0.093,84.458,1950444,3051447,"6,809,344",D,D,D,11.4
Iowa,16,2011,0.4340 ,178491,817,55571,0.315915088,0.004577262,0.311337827,0,1.7,55,,0.09,84.458,1975960,3069937,"7,325,492",R,R,D,11.2
Iowa,16,2012,0.4328 ,173558,1106,54354,0.319547356,0.006372509,0.313174846,0,1.7,55,7474,0.084,84.458,1993430,3082570,"7,932,494",R,R,D,10.4
Iowa,16,2013,0.4429 ,168644,58827,54397,0.671378762,0.348823557,0.322555205,0,1.7,55,,0.088,84.458,2019480,3102253,"8,374,376",R,R,D,10.1
Iowa,16,2014,0.4433 ,169896,59369,54119,0.66798512,0.349443189,0.318541932,0,1.7,55,7871,0.057,84.458,2038926,3121583,"8,572,532",R,R,D,10.7
Iowa,16,2015,0.4393 ,171005,52788,52775,0.617309435,0.308692728,0.308616707,0,1.7,55,,0.049,84.458,2059837,3136111,"9,189,255",R,R,D,9.6
Iowa,16,2016,0.4451 ,171075,45424,52768,0.573970481,0.26552097,0.30844951,0,1.7,55,8464,0.04,84.458,2066677,3149432,"9,565,099",R,R,D,8.8
Iowa,16,2017,0.4381 ,170427,41106,52002,0.546321886,0.241194177,0.305127709,0,1.7,55,,0.044,84.458,2062237,3162621,"9,755,430",R,R,R,7
Iowa,16,2018,0.4413 ,167257,3150,50638,0.321588932,0.018833292,0.30275564,0,1.7,55,7421,0.049,84.458,2076201,3171441,"10,088,480",R,R,R,7.7
Iowa,16,2019,0.4422 ,163912,3071,50207,0.325040266,0.018735663,0.306304602,0,1.7,55,,0.047,84.458,2071569,3183831,"10,583,869",R,R,R,6.3
Kansas,17,2010,0.4450 ,173344,0,17060,0.09841702,0,0.09841702,0,1.2,35,1839,0.137,75.6485,1801873,2858822,"6,492,996",D,R,R,6.8
Kansas,17,2011,0.4442 ,173946,0,18346,0.105469514,0,0.105469514,0,1.2,35,,0.127,75.6485,1819044,2872476,"6,797,501",R,R,R,7.6
Kansas,17,2012,0.4496 ,171629,0,18302,0.10663699,0,0.10663699,0,1.2,35,2633,0.127,75.6485,1841393,2891101,"7,418,341",R,R,R,6.9
Kansas,17,2013,0.4589 ,173788,0,18924,0.108891293,0,0.108891293,0,1.2,35,,0.124,75.6485,1869054,2901661,"7,620,282",R,R,R,7.5
Kansas,17,2014,0.4597 ,177041,0,20302,0.114674002,0,0.114674002,0,1.2,35,3151,0.106,75.6485,1895859,2911506,"7,334,481",R,R,R,7.4
Kansas,17,2015,0.4596 ,173165,0,20350,0.117517974,0,0.117517974,0,1.2,35,,0.093,75.6485,1910954,2922671,"7,884,091",R,R,R,8.7
Kansas,17,2016,0.4550 ,174786,0,20650,0.118144474,0,0.118144474,0,1.2,35,3341,0.084,75.6485,1916152,2927230,"8,058,949",R,R,R,8.6
Kansas,17,2017,0.4539 ,178960,0,23397,0.130738713,0,0.130738713,0,1.2,35,,0.085,75.6485,1914179,2927419,"8,174,015",R,R,R,7.8
Kansas,17,2018,0.4633 ,179600,8059,24484,0.181197105,0.044871938,0.136325167,0,1.2,35,3658,0.087,75.6485,1926242,2931572,"9,546,790",R,R,R,7
Kansas,17,2019,0.4500 ,177220,7079,24446,0.177886243,0.039944702,0.137941542,0,1.2,35,,0.092,75.6485,1925204,2933747,"10,030,158",D,R,R,8.7
Kentucky,18,2010,0.4660 ,229725,8503,31033,0.172101426,0.037013821,0.135087605,0,3.6,110,3197,0.153,82.3655,2325921,4349138,"9,531,404",D,D,R,8.9
Kentucky,18,2011,0.4709 ,233427,9182,33144,0.181324354,0.039335638,0.141988716,0,3.6,110,,0.145,82.3655,2368202,4374212,"10,198,800",D,D,R,8.9
Kentucky,18,2012,0.4667 ,224092,8128,34474,0.190109419,0.036270817,0.153838602,0,3.6,110,3437,0.137,82.3655,2389363,4394010,"10,619,106",D,D,R,10
Kentucky,18,2013,0.4721 ,218472,7660,34200,0.191603501,0.035061701,0.156541799,0,3.6,110,,0.145,82.3655,2407562,4415821,"10,875,039",D,D,R,11.2
Kentucky,18,2014,0.4704 ,213043,6633,35259,0.19663636,0.03113456,0.1655018,0,3.6,110,4097,0.088,82.3655,2440072,4428679,"11,103,545",D,D,R,11
Kentucky,18,2015,0.4781 ,205908,9068,36008,0.218913301,0.044039085,0.174874216,0,3.6,110,,0.061,82.3655,2473915,4443606,"11,597,983",D,D,R,11
Kentucky,18,2016,0.4813 ,205431,8976,38375,0.230495884,0.043693503,0.186802381,0,3.6,110,3404,0.052,82.3655,2498658,4457599,"11,778,866",R,D,R,11.1
Kentucky,18,2017,0.4784 ,202266,5861,44767,0.250304055,0.028976694,0.221327361,0,3.6,110,,0.055,82.3655,2520149,4475723,"11,907,759",R,R,R,9.7
Kentucky,18,2018,0.4787 ,199748,6573,52165,0.294060516,0.032906462,0.261154054,0,3.6,110,2951,0.056,82.3655,2545750,4487233,"12,297,789",R,R,R,8.8
Kentucky,18,2019,0.4764 ,199614,7229,55757,0.31553899,0.036214895,0.279324096,0,3.6,110,,0.064,82.3655,2549760,4498141,"13,049,436",R,R,R,8
Louisiana,19,2010,0.4750 ,193451,479,27411,0.144170875,0.002476079,0.141694796,0,4.6,105,2428,0.178,57.0586,2536560,4544800,"8,758,633",R,D,D,4.3
Louisiana,19,2011,0.4836 ,194967,597,28056,0.146963332,0.003062057,0.143901276,0,4.6,105,,0.176,57.0586,2564944,4577075,"8,865,421",R,R,R,4.4
Louisiana,19,2012,0.4859 ,194266,585,27571,0.144935295,0.003011335,0.14192396,0,4.6,105,2315,0.167,57.0586,2601174,4603574,"8,994,053",R,R,R,6.2
Louisiana,19,2013,0.4914 ,208795,630,26804,0.131392035,0.003017314,0.128374722,0,4.6,105,,0.168,57.0586,2641657,4628228,"9,223,829",R,R,R,4.3
Louisiana,19,2014,0.4902 ,204845,691,25801,0.129327052,0.003373282,0.12595377,0,4.6,105,1718,0.145,57.0586,2684755,4648811,"9,695,281",R,R,R,5.2
Louisiana,19,2015,0.4909 ,210549,816,25192,0.12352469,0.003875582,0.119649108,0,4.6,105,,0.121,57.0586,2696590,4670563,"9,696,730",R,R,R,5.8
Louisiana,19,2016,0.4990 ,207052,593,24609,0.121718216,0.002864015,0.118854201,0,4.6,105,1956,0.102,57.0586,2691382,4685605,"9,307,865",D,R,R,4.2
Louisiana,19,2017,0.4935 ,210691,622,24953,0.121386296,0.002952191,0.118434105,0,4.6,105,,0.083,57.0586,2695329,4678606,"10,861,190",D,R,R,4.4
Louisiana,19,2018,0.4936 ,210696,663,25900,0.126072635,0.003146714,0.122925922,0,4.6,105,1997,0.079,57.0586,2727409,4670052,"11,357,686",D,R,R,5
Louisiana,19,2019,0.4978 ,212960,650,26034,0.125300526,0.003052216,0.12224831,0,4.6,105,,0.089,57.0586,2720019,4664558,"11,870,499",D,R,R,5.3
Maine,20,2010,0.4370 ,50893,0,18655,0.366553357,0,0.366553357,0,1.2,43,-609,0.107,90.8014,791331,1327961,"3,489,953",D,D,D,11.6
Maine,20,2011,0.4509 ,49747,0,19626,0.394516252,0,0.394516252,0,1.2,43,,0.112,90.8014,794389,1330029,"3,675,810",R,R,R,11.3
Maine,20,2012,0.4450 ,49792,0,20242,0.40653117,0,0.40653117,0,1.2,43,-166,0.104,90.8014,796903,1330899,"3,777,130",R,R,R,11.5
Maine,20,2013,0.4532 ,49602,0,18955,0.382141849,0,0.382141849,0,1.2,43,,0.111,90.8014,803641,1332596,"3,884,450",R,D,D,11.1
Maine,20,2014,0.4593 ,48852,0,20609,0.421866044,0,0.421866044,0,1.2,43,618,0.098,90.8014,810868,1336530,"3,847,181",R,D,D,11
Maine,20,2015,0.4523 ,47404,0,22087,0.465931145,0,0.465931145,0,1.2,43,,0.086,90.8014,816552,1335653,"4,064,075",R,D,R,11.6
Maine,20,2016,0.4519 ,47763,0,22447,0.469966292,0,0.469966292,0,1.2,43,1255,0.079,90.8014,826727,1340177,"4,130,242",R,D,R,11.4
Maine,20,2017,0.4526 ,46999,0,23146,0.492478563,0,0.492478563,0,1.2,43,,0.078,90.8014,834355,1344851,"4,232,556",R,D,R,11.4
Maine,20,2018,0.4516 ,47340,0,22917,0.48409379,0,0.48409379,0,1.2,43,1258,0.078,90.8014,843990,1350525,"4,410,632",R,D,R,12.9
Maine,20,2019,0.4490 ,47648,0,22609,0.474500504,0,0.474500504,0,1.2,43,,0.081,90.8014,842789,1357487,"4,674,441",D,D,D,11.8
Maryland,21,2010,0.4430 ,309779,0,50230,0.162147854,0,0.162147854,0,20.7,595,-7975,0.114,48.693,3345423,5791559,"15,237,748",D,D,D,11.6
Maryland,21,2011,0.4466 ,314383,0,50622,0.161020157,0,0.161020157,0,20.7,595,,0.103,48.693,3394831,5854282,"16,086,686",D,D,D,12.4
Maryland,21,2012,0.4473 ,310503,0,50649,0.163119197,0,0.163119197,0,20.7,595,-7658,0.102,48.693,3438880,5913919,"17,094,560",D,D,D,10.6
Maryland,21,2013,0.4555 ,301565,0,50199,0.166461625,0,0.166461625,0,20.7,595,,0.102,48.693,3493921,5962350,"18,118,191",D,D,D,11.6
Maryland,21,2014,0.4491 ,305156,0,50477,0.165413756,0,0.165413756,0,20.7,595,-8432,0.079,48.693,3537654,6008975,"18,929,069",D,D,D,11.9
Maryland,21,2015,0.4524 ,303554,0,51419,0.16938996,0,0.16938996,0,20.7,595,,0.067,48.693,3602936,6049289,"20,001,304",R,D,D,10.5
Maryland,21,2016,0.4499 ,305750,0,52310,0.17108749,0,0.17108749,0,20.7,595,-7969,0.061,48.693,3659061,6079669,"20,894,199",R,D,D,11
Maryland,21,2017,0.4530 ,303640,0,53152,0.175049401,0,0.175049401,0,20.7,595,,0.061,48.693,3695331,6112835,"21,599,795",R,D,D,10.7
Maryland,21,2018,0.4543 ,301465,0,53509,0.177496558,0,0.177496558,0,20.7,595,-7261,0.06,48.693,3750678,6138786,"22,427,037",R,D,D,11
Maryland,21,2019,0.4558 ,294789,0,53817,0.182561086,0,0.182561086,0,20.7,595,,0.059,48.693,3742829,6163628,"23,605,971",R,D,D,11.3
Massachusetts,22,2010,0.4750 ,223335,1215,267843,1.204728323,0.005440258,1.199288065,1,38.3,839,7516,0.044,69.6457,4115539,6569537,"20,090,563",D,D,D,14.5
Massachusetts,22,2011,0.4771 ,225816,1225,266734,1.186625394,0.005424771,1.181200624,1,38.3,839,,0.042,69.6457,4175311,6629863,"22,107,646",D,D,D,14.6
Massachusetts,22,2012,0.4813 ,227018,1721,271640,1.204137998,0.007580897,1.196557101,1,38.3,839,8607,0.039,69.6457,4253327,6692712,"22,820,892",D,D,D,14.3
Massachusetts,22,2013,0.4837 ,227094,1204,273334,1.208917893,0.005301769,1.203616124,1,38.3,839,,0.038,69.6457,4353568,6756583,"23,901,047",D,D,D,13.6
Massachusetts,22,2014,0.4863 ,225055,1108,274416,1.22425185,0.004923241,1.219328609,1,38.3,839,8278,0.034,69.6457,4447626,6819480,"25,237,003",D,D,D,13.7
Massachusetts,22,2015,0.4848 ,221164,1069,278793,1.265404858,0.004833517,1.260571341,1,38.3,839,,0.028,69.6457,4631417,6865334,"26,973,576",R,D,D,13
Massachusetts,22,2016,0.4786 ,217357,2020,279051,1.293130656,0.009293467,1.28383719,1,38.3,839,6705,0.025,69.6457,4709797,6908516,"27,310,432",R,D,D,12.1
Massachusetts,22,2017,0.4851 ,212294,1892,280197,1.328765768,0.008912169,1.319853599,1,38.3,839,,0.028,69.6457,4778424,6958374,"27,509,262",R,D,D,12.4
Massachusetts,22,2018,0.4875 ,206582,1937,284036,1.384307442,0.009376422,1.37493102,1,38.3,839,6589,0.027,69.6457,4854672,6994054,"29,654,803",R,D,D,13.6
Massachusetts,22,2019,0.4803 ,201559,609,284552,1.414776815,0.003021448,1.411755367,1,38.3,839,,0.03,69.6457,4873148,7016618,"31,806,339",R,D,D,12
Michigan,23,2010,0.4510 ,561684,0,121254,0.215875831,0,0.215875831,0,6.4,175,5,0.124,73.8784,5038194,9880076,"22,208,870",D,D,R,16.5
Michigan,23,2011,0.4612 ,553953,0,116171,0.209712737,0,0.209712737,0,6.4,175,,0.119,73.8784,5165348,9895488,"23,821,872",R,R,R,17.5
Michigan,23,2012,0.4624 ,539493,0,110384,0.204606918,0,0.204606918,0,6.4,175,1604,0.116,73.8784,5234473,9920751,"23,919,741",R,R,R,16.6
Michigan,23,2013,0.4641 ,526986,0,103502,0.1964037,0,0.1964037,0,6.4,175,,0.111,73.8784,5323762,9947308,"25,082,654",R,R,R,16.2
Michigan,23,2014,0.4598 ,513927,0,96002,0.186800849,0,0.186800849,0,6.4,175,1310,0.084,73.8784,5412041,9974630,"25,100,605",R,R,R,14.5
Michigan,23,2015,0.4667 ,502063,0,88612,0.176495778,0,0.176495778,0,6.4,175,,0.06,73.8784,5501549,9987137,"26,957,337",R,R,R,15.2
Michigan,23,2016,0.4695 ,492668,0,84015,0.170530662,0,0.170530662,0,6.4,175,1626,0.053,73.8784,5575782,10016980,"27,594,781",R,R,R,14.5
Michigan,23,2017,0.4671 ,478735,0,73607,0.15375312,0,0.15375312,0,6.4,175,,0.051,73.8784,5631306,10049868,"29,205,910",R,R,R,15.6
Michigan,23,2018,0.4679 ,466806,0,69278,0.148408547,0,0.148408547,0,6.4,175,1589,0.054,73.8784,5714498,10070610,"30,046,808",R,R,R,14.5
Michigan,23,2019,0.4634 ,454948,0,64325,0.141389785,0,0.141389785,0,6.4,175,,0.058,73.8784,5713451,10078236,"30,270,130",D,R,R,13.7
Minnesota,24,2010,0.4400 ,275941,98577,70917,0.614240001,0.35723941,0.257000591,0,2.1,67,-4160,0.09,77.5107,3408753,5312113,"17,208,877",R,D,D,15.6
Minnesota,24,2011,0.4436 ,274192,95965,69599,0.603825057,0.349991976,0.25383308,0,2.1,67,,0.087,77.5107,3469201,5352572,"18,952,919",D,R,R,15.1
Minnesota,24,2012,0.4441 ,271952,109717,69006,0.657185827,0.403442519,0.253743308,0,2.1,67,-4554,0.083,77.5107,3505578,5388297,"20,560,540",D,R,R,14.2
Minnesota,24,2013,0.4462 ,266092,108070,69086,0.665769734,0.406137727,0.259632007,0,2.1,67,,0.083,77.5107,3556487,5430428,"21,852,025",D,D,D,14.3
Minnesota,24,2014,0.4539 ,259398,108265,69545,0.685471746,0.417370219,0.268101527,0,2.1,67,-4992,0.06,77.5107,3603717,5473353,"23,245,827",D,D,D,14.2
Minnesota,24,2015,0.4492 ,255839,107261,69587,0.69124723,0.419251951,0.271995278,0,2.1,67,,0.045,77.5107,3662852,5509714,"24,479,856",D,R,D,14.1
Minnesota,24,2016,0.4496 ,252952,106658,69324,0.695713021,0.42165312,0.274059901,0,2.1,67,-5133,0.042,77.5107,3698063,5556226,"25,189,128",D,R,D,14.2
Minnesota,24,2017,0.4516 ,249204,102117,69231,0.687581259,0.409772716,0.277808542,0,2.1,67,,0.045,77.5107,3735312,5605384,"25,594,522",D,R,R,15.2
Minnesota,24,2018,0.4536 ,245021,104169,69605,0.709220842,0.425143151,0.284077691,0,2.1,67,-5056,0.043,77.5107,3776541,5650149,"26,697,469",D,R,R,15
Minnesota,24,2019,0.4434 ,241622,103128,68627,0.710841728,0.426815439,0.284026289,0,2.1,67,,0.048,77.5107,3783410,5686733,"28,175,795",D,D,R,13.7
Mississippi,25,2010,0.4680 ,153433,0,14217,0.092659337,0,0.092659337,0,2.4,63,3094,0.181,56.0195,1490731,2970366,"6,268,823",R,D,D,4.5
Mississippi,25,2011,0.4735 ,157328,0,14477,0.09201795,0,0.09201795,0,2.4,63,,0.176,56.0195,1509941,2977897,"6,549,779",R,D,R,5
Mississippi,25,2012,0.4870 ,154876,0,15893,0.102617578,0,0.102617578,0,2.4,63,3326,0.171,56.0195,1519719,2982342,"6,953,365",R,R,R,4.3
Mississippi,25,2013,0.4791 ,154916,0,15964,0.103049395,0,0.103049395,0,2.4,63,,0.17,56.0195,1532583,2986574,"7,402,725",R,R,R,3.6
Mississippi,25,2014,0.4760 ,152096,0,16283,0.107057385,0,0.107057385,0,2.4,63,4148,0.145,56.0195,1556753,2987621,"7,575,395",R,R,R,3.7
Mississippi,25,2015,0.4759 ,153300,0,16730,0.10913242,0,0.10913242,0,2.4,63,,0.125,56.0195,1568218,2984959,"7,902,885",R,R,R,5.4
Mississippi,25,2016,0.4828 ,153205,0,17729,0.115720766,0,0.115720766,0,2.4,63,5205,0.118,56.0195,1581185,2984317,"7,660,391",R,R,R,6.6
Mississippi,25,2017,0.4790 ,152319,0,17462,0.114640984,0,0.114640984,0,2.4,63,,0.121,56.0195,1592268,2983393,"7,724,629",R,R,R,5.3
Mississippi,25,2018,0.4828 ,150583,0,17437,0.115796604,0,0.115796604,0,2.4,63,4585,0.123,56.0195,1602960,2974618,"7,890,571",R,R,R,5.1
Mississippi,25,2019,0.4896 ,148360,0,17442,0.117565382,0,0.117565382,0,2.4,63,,0.129,56.0195,1607794,2968981,"8,288,883",R,R,R,6.3
Missouri,26,2010,0.4550 ,254943,0,139488,0.547134065,0,0.547134065,0,3,87,2619,0.133,77.0171,3475301,5996166,"9,707,053",D,R,R,9.9
Missouri,26,2011,0.4611 ,259417,1469,140670,0.54791706,0.005662698,0.542254363,0,3,87,,0.137,77.0171,3506571,6011569,"10,115,576",D,R,R,10.9
Missouri,26,2012,0.4608 ,256218,1348,143452,0.565143745,0.005261145,0.5598826,0,3,87,3316,0.139,77.0171,3528129,6026727,"10,801,860",D,R,R,8.9
Missouri,26,2013,0.4605 ,253356,1265,143620,0.571863307,0.004992974,0.566870333,0,3,87,,0.131,77.0171,3565922,6044003,"11,139,394",D,R,R,8.7
Missouri,26,2014,0.4628 ,251721,952,141608,0.566341306,0.003781965,0.562559341,0,3,87,3459,0.116,77.0171,3596751,6060459,"11,240,654",D,R,R,8.3
Missouri,26,2015,0.4634 ,247242,385,140267,0.568883927,0.001557179,0.567326749,0,3,87,,0.098,77.0171,3655804,6077057,"12,005,133",D,R,R,8.8
Missouri,26,2016,0.4646 ,243697,397,138398,0.569539223,0.001629072,0.567910151,0,3,87,1879,0.09,77.0171,3700557,6093349,"12,297,119",D,R,R,9.6
Missouri,26,2017,0.4618 ,234284,306,132423,0.566530365,0.001306107,0.565224258,0,3,87,,0.091,77.0171,3735460,6113669,"12,493,358",R,R,R,8.6
Missouri,26,2018,0.4657 ,230291,363,130492,0.568215866,0.001576267,0.566639599,0,3,87,1555,0.094,77.0171,3776709,6128594,"13,025,070",R,R,R,9.4
Missouri,26,2019,0.4633 ,224286,380,124118,0.555085917,0.001694265,0.553391652,0,3,87,,0.101,77.0171,3779878,6143406,"13,181,385",R,R,R,11.1
Montana,27,2010,0.4350 ,46420,0,3420,0.07367514,0,0.07367514,0,0.2,7,995,0.169,84.5326,616344,990863,"2,142,809",D,O,R,12.7
Montana,27,2011,0.4351 ,47080,0,3554,0.07548853,0,0.07548853,0,0.2,7,,0.188,84.5326,623175,998188,"2,303,516",D,R,R,13
Montana,27,2012,0.4502 ,46487,0,3608,0.077613096,0,0.077613096,0,0.2,7,860,0.183,84.5326,633135,1005385,"2,459,324",D,R,R,13.9
Montana,27,2013,0.4620 ,46373,0,3636,0.078407694,0,0.078407694,0,0.2,7,,0.167,84.5326,641917,1015933,"2,644,610",D,R,R,13
Montana,27,2014,0.4544 ,45474,0,3564,0.078374456,0,0.078374456,0,0.2,7,1223,0.137,84.5326,648873,1024998,"2,655,553",D,R,R,12.7
Montana,27,2015,0.4623 ,44388,0,3638,0.081959088,0,0.081959088,0,0.2,7,,0.116,84.5326,660524,1034413,"2,843,465",D,R,R,12.1
Montana,27,2016,0.4667 ,44791,0,3337,0.074501574,0,0.074501574,0,0.2,7,1594,0.084,84.5326,667769,1045648,"2,627,943",D,R,R,11.9
Montana,27,2017,0.4539 ,45019,0,3419,0.075945712,0,0.075945712,0,0.2,7,,0.091,84.5326,674522,1057982,"2,729,685",D,R,R,11.8
Montana,27,2018,0.4535 ,44474,0,3370,0.07577461,0,0.07577461,0,0.2,7,1497,0.081,84.5326,684109,1066542,"3,003,980",D,R,R,11.8
Montana,27,2019,0.4597 ,43564,0,3229,0.074120834,0,0.074120834,0,0.2,7,,0.083,84.5326,686572,1075462,"3,168,557",D,R,R,10.5
Nebraska,28,2010,0.4320 ,107803,0,32131,0.29805293,0,0.29805293,0,0.7,24,554,0.119,78.4119,1219802,1830158,"3,864,897",R,,,9.3
Nebraska,28,2011,0.4467 ,106631,0,32276,0.302688712,0,0.302688712,0,0.7,24,,0.12,78.4119,1232457,1843774,"4,145,889",R,,,7.9
Nebraska,28,2012,0.4339 ,104016,0,32009,0.307731503,0,0.307731503,0,0.7,24,292,0.111,78.4119,1251258,1858886,"4,366,617",R,,,6
Nebraska,28,2013,0.4445 ,101694,0,32614,0.32070722,0,0.32070722,0,0.7,24,,0.108,78.4119,1266477,1873369,"4,718,944",R,,,7.2
Nebraska,28,2014,0.4352 ,99701,0,33014,0.331130079,0,0.331130079,0,0.7,24,882,0.093,78.4119,1282745,1889916,"4,887,753",R,,,7.3
Nebraska,28,2015,0.4473 ,100030,0,33538,0.335279416,0,0.335279416,0,0.7,24,,0.078,78.4119,1302833,1904449,"5,086,759",R,,,7.7
Nebraska,28,2016,0.4477 ,101032,0,33440,0.330984243,0,0.330984243,0,0.7,24,1308,0.089,78.4119,1310917,1921360,"5,117,133",R,,,7.4
Nebraska,28,2017,0.4391 ,100897,0,33348,0.330515278,0,0.330515278,0,0.7,24,,0.086,78.4119,1317761,1934360,"5,103,105",R,,,8.1
Nebraska,28,2018,0.4488 ,99974,0,34015,0.340238462,0,0.340238462,0,0.7,24,1380,0.085,78.4119,1330165,1945367,"5,393,093",R,,,6.6
Nebraska,28,2019,0.4400 ,99502,0,35772,0.359510362,0,0.359510362,0,0.7,24,,0.079,78.4119,1329016,1954927,"5,754,834",R,,,8.3
Nevada,29,2010,0.4480 ,113103,0,1034,0.009142109,0,0.009142109,0,0.7,25,-1673,0.226,51.1646,1478054,2701967,"5,835,963",R,D,D,15
Nevada,29,2011,0.4526 ,105048,1031,1025,0.019572005,0.009814561,0.009757444,0,0.7,25,,0.22,51.1646,1501839,2710520,"6,332,128",R,D,D,14.6
Nevada,29,2012,0.4516 ,103619,934,987,0.018539071,0.009013791,0.00952528,0,0.7,25,-1530,0.22,51.1646,1519198,2739941,"6,775,112",R,D,D,14.8
Nevada,29,2013,0.4543 ,102538,915,955,0.018237141,0.008923521,0.00931362,0,0.7,25,,0.206,51.1646,1561388,2770049,"7,026,626",R,D,D,14.6
Nevada,29,2014,0.4427 ,106028,800,1039,0.017344475,0.007545177,0.009799298,0,0.7,25,-1273,0.153,51.1646,1608494,2809771,"7,143,169",R,D,D,14.4
Nevada,29,2015,0.4548 ,104418,0,2908,0.027849604,0,0.027849604,0,0.7,25,,0.123,51.1646,1664658,2857017,"7,532,989",R,R,R,14.3
Nevada,29,2016,0.4577 ,106196,0,2830,0.026648838,0,0.026648838,0,0.7,25,-1444,0.111,51.1646,1724741,2905604,"8,026,362",R,R,R,12
Nevada,29,2017,0.4606 ,107864,670,3027,0.034274642,0.006211526,0.028063117,0,0.7,25,,0.111,51.1646,1780418,2955631,"8,624,618",R,D,D,12.7
Nevada,29,2018,0.4690 ,108658,0,2613,0.02404793,0,0.02404793,0,0.7,25,-1295,0.114,51.1646,1848911,3011627,"9,157,036",R,D,D,13.9
Nevada,29,2019,0.4710 ,110560,0,2396,0.021671491,0,0.021671491,0,0.7,25,,0.115,51.1646,1884448,3068943,"9,744,547",D,D,D,14.6
New Hampshire,30,2010,0.4250 ,44072,0,24031,0.545266836,0,0.545266836,1,7.2,147,730,0.112,88.2887,813707,1317094,"2,271,936",D,D,D,10.2
New Hampshire,30,2011,0.4347 ,43333,0,27594,0.636789514,0,0.636789514,1,7.2,147,,0.101,88.2887,818789,1321886,"2,251,105",D,R,R,11.1
New Hampshire,30,2012,0.4298 ,43289,0,33684,0.778119153,0,0.778119153,1,7.2,147,842,0.112,88.2887,824361,1327287,"2,205,045",D,R,R,10.5
New Hampshire,30,2013,0.4387 ,42711,0,44837,1.049776404,0,1.049776404,1,7.2,147,,0.109,88.2887,835032,1331050,"2,349,692",D,D,R,9.5
New Hampshire,30,2014,0.4410 ,43298,0,59932,1.384174789,0,1.384174789,1,7.2,147,1181,0.094,88.2887,844499,1339224,"2,285,717",D,D,R,9.9
New Hampshire,30,2015,0.4347 ,42866,0,78179,1.823799748,0,1.823799748,1,7.2,147,,0.069,88.2887,860657,1343633,"2,487,737",D,R,R,9.7
New Hampshire,30,2016,0.4304 ,41170,0,90435,2.196623755,0,2.196623755,1,7.2,147,1041,0.064,88.2887,873126,1351059,"2,620,443",D,R,R,9.4
New Hampshire,30,2017,0.4386 ,39761,0,107989,2.715952818,0,2.715952818,1,7.2,147,,0.057,88.2887,882318,1358984,"2,592,039",R,R,R,11.2
New Hampshire,30,2018,0.4530 ,38735,0,120541,3.111940106,0,3.111940106,1,7.2,147,1268,0.052,88.2887,892444,1364875,"2,920,888",R,R,R,10.2
New Hampshire,30,2019,0.4406 ,37221,0,130981,3.519008087,0,3.519008087,1,7.2,147,,0.064,88.2887,890266,1371834,"2,934,358",R,D,D,10.3
New Jersey,31,2010,0.4640 ,339520,3772,68477,0.212797479,0.011109802,0.201687677,0,39.7,1195,-26941,0.133,55.0359,4960621,8809058,"25,927,891",R,D,D,17.1
New Jersey,31,2011,0.4694 ,359458,3363,67295,0.196568167,0.009355752,0.187212414,0,39.7,1195,,0.13,55.0359,5018505,8876959,"27,182,753",R,D,D,16.1
New Jersey,31,2012,0.4718 ,356456,2878,66556,0.19478982,0.008073928,0.186715892,0,39.7,1195,-27035,0.128,55.0359,5053839,8933292,"27,456,175",R,D,D,16.1
New Jersey,31,2013,0.4800 ,352822,3671,65270,0.195398813,0.01040468,0.184994133,0,39.7,1195,,0.134,55.0359,5132846,8984801,"29,076,881",R,D,D,16
New Jersey,31,2014,0.4757 ,351316,3659,65653,0.197292466,0.010415125,0.186877341,0,39.7,1195,-27505,0.11,55.0359,5206784,9033845,"29,679,226",R,D,D,16.5
New Jersey,31,2015,0.4832 ,339743,3842,65602,0.204401562,0.011308548,0.193093014,0,39.7,1195,,0.088,55.0359,5303122,9076577,"31,567,654",R,D,D,15.3
New Jersey,31,2016,0.4813 ,337090,3739,65692,0.205971699,0.011091993,0.194879706,0,39.7,1195,-27518,0.077,55.0359,5391249,9119862,"31,546,720",R,D,D,16.1
New Jersey,31,2017,0.4794 ,334597,3477,65469,0.206056839,0.010391605,0.195665233,0,39.7,1195,,0.076,55.0359,5447903,9174898,"33,100,505",R,D,D,16.1
New Jersey,31,2018,0.4836 ,326103,3468,65290,0.210847493,0.010634677,0.200212816,0,39.7,1195,-26640,0.074,55.0359,5549280,9218858,"35,365,046",D,D,D,14.9
New Jersey,31,2019,0.4782 ,324218,2858,65511,0.210873548,0.008815057,0.202058492,0,39.7,1195,,0.079,55.0359,5569985,9258804,"38,449,650",D,D,D,15.7
New Mexico,32,2010,0.4640 ,141874,302,494,0.005610612,0.002128649,0.003481963,0,0.7,17,371,0.2,50.9528,1059977,2064892,"4,295,237",D,D,D,7.3
New Mexico,32,2011,0.4821 ,139737,485,1077,0.011178142,0.003470806,0.007707336,0,0.7,17,,0.2,50.9528,1064267,2082110,"4,929,096",R,D,D,6.8
New Mexico,32,2012,0.4713 ,140107,544,1189,0.012369118,0.003882747,0.008486371,0,0.7,17,286,0.188,50.9528,1067211,2090254,"5,470,982",R,D,D,6.5
New Mexico,32,2013,0.4759 ,137515,826,1342,0.015765553,0.006006617,0.009758935,0,0.7,17,,0.192,50.9528,1075465,2096509,"5,387,187",R,D,D,6.2
New Mexico,32,2014,0.4770 ,131876,950,1406,0.017865267,0.007203737,0.010661531,0,0.7,17,109,0.148,50.9528,1083772,2095037,"5,757,432",R,D,D,5.7
New Mexico,32,2015,0.4795 ,125174,919,1449,0.018917667,0.00734178,0.011575886,0,0.7,17,,0.109,50.9528,1092255,2096003,"6,009,443",R,R,D,6.2
New Mexico,32,2016,0.4769 ,122920,803,1488,0.018638139,0.006532704,0.012105434,0,0.7,17,158,0.09,50.9528,1092519,2099630,"5,178,859",R,R,D,6.3
New Mexico,32,2017,0.4776 ,119138,0,1412,0.011851802,0,0.011851802,0,0.7,17,,0.091,50.9528,1095282,2101053,"5,329,658",R,D,D,6.7
New Mexico,32,2018,0.4891 ,114637,0,1322,0.011532053,0,0.011532053,0,0.7,17,-101,0.093,50.9528,1110508,2103101,"5,539,329",R,D,D,6.8
New Mexico,32,2019,0.4768 ,114361,0,1238,0.010825369,0,0.010825369,0,0.7,17,,0.098,50.9528,1116960,2110146,"7,427,622",D,D,D,7.1
New York,33,2010,0.4990 ,708084,34737,491986,0.743870784,0.049057739,0.694813045,1,8.7,411,3482,0.12,55.1617,11005742,19419964,"63,807,610",D,D,D,24.2
New York,33,2011,0.5033 ,731914,34126,497800,0.726760248,0.046625696,0.680134551,1,8.7,411,,0.115,55.1617,11294064,19600908,"67,945,152",D,D,R,24.1
New York,33,2012,0.5009 ,722274,33668,502703,0.742614299,0.046613889,0.69600041,1,8.7,411,5206,0.11,55.1617,11432840,19757479,"71,545,745",D,D,R,23.2
New York,33,2013,0.5098 ,720934,35243,504016,0.74800051,0.048885196,0.699115314,1,8.7,411,,0.109,55.1617,11619137,19892169,"73,667,171",D,D,R,24.3
New York,33,2014,0.5111 ,721847,39858,500204,0.748166855,0.055216687,0.692950168,1,8.7,411,5057,0.086,55.1617,11865518,20002008,"76,978,982",D,D,R,24.6
New York,33,2015,0.5138 ,709143,38163,502304,0.762141063,0.053815662,0.708325401,1,8.7,411,,0.071,55.1617,12099185,20088855,"78,201,753",D,D,R,24.7
New York,33,2016,0.5129 ,700892,36578,508839,0.778175525,0.052187784,0.725987741,1,8.7,411,6070,0.061,55.1617,12259136,20150838,"81,380,073",D,D,R,23.6
New York,33,2017,0.5157 ,697458,35054,501101,0.768727293,0.050259657,0.718467635,1,8.7,411,,0.057,55.1617,12389884,20190489,"79,678,037",D,D,R,23.8
New York,33,2018,0.5130 ,690097,34841,495106,0.767931175,0.050487105,0.717444069,1,8.7,411,6220,0.053,55.1617,12652841,20222664,"86,870,101",D,D,R,22.3
New York,33,2019,0.5149 ,678392,35324,492550,0.778125332,0.05207019,0.726055142,1,8.7,411,,0.053,55.1617,12743035,20222325,"85,368,973",D,D,D,21
North Carolina,34,2010,0.4640 ,475162,812,80115,0.170314545,0.001708891,0.168605654,0,9.5,196,6851,0.17,62.1536,5178363,9571353,"21,514,930",D,D,D,3.2
North Carolina,34,2011,0.4716 ,470565,1151,81574,0.175799305,0.002445996,0.173353309,0,9.5,196,,0.164,62.1536,5292814,9642580,"22,400,573",D,R,R,2.9
North Carolina,34,2012,0.4691 ,465244,1400,82059,0.17938759,0.003009174,0.176378416,0,9.5,196,6823,0.165,62.1536,5356443,9722105,"22,714,557",D,R,R,2.9
North Carolina,34,2013,0.4765 ,459651,1410,86731,0.191756354,0.003067545,0.18868881,0,9.5,196,,0.157,62.1536,5437125,9803434,"23,767,449",R,R,R,3
North Carolina,34,2014,0.4748 ,454692,1267,87563,0.195363015,0.002786502,0.192576513,0,9.5,196,6278,0.132,62.1536,5568662,9880220,"23,512,645",R,R,R,1.9
North Carolina,34,2015,0.4776 ,447581,931,92174,0.208018213,0.00208007,0.205938143,0,9.5,196,,0.113,62.1536,5695035,9966060,"25,084,225",R,R,R,3
North Carolina,34,2016,0.4780 ,450162,0,92213,0.204844034,0,0.204844034,0,9.5,196,5104,0.105,62.1536,5825370,10076064,"26,218,693",R,R,R,3
North Carolina,34,2017,0.4763 ,454632,0,92284,0.202986151,0,0.202986151,0,9.5,196,,0.107,62.1536,5918963,10175266,"26,868,715",D,R,R,3.4
North Carolina,34,2018,0.4782 ,456128,0,92630,0.20307896,0,0.20307896,0,9.5,196,5571,0.109,62.1536,6055092,10275806,"27,854,728",D,R,R,2.7
North Carolina,34,2019,0.4743 ,462970,0,91201,0.196991166,0,0.196991166,0,9.5,196,,0.114,62.1536,6150375,10370550,"29,324,429",D,R,R,2.3
North Dakota,35,2010,0.4330 ,48155,0,4574,0.094984944,0,0.094984944,0,0.3,10,2178,0.1,82.9089,503813,675054,"2,645,695",R,R,R,7.4
North Dakota,35,2011,0.4448 ,48137,0,4324,0.089826952,0,0.089826952,0,0.3,10,,0.099,82.9089,529779,687065,"2,960,240",R,R,R,6.3
North Dakota,35,2012,0.4597 ,48200,0,4094,0.084937759,0,0.084937759,0,0.3,10,2673,0.107,82.9089,567388,705071,"4,146,149",R,R,R,6.1
North Dakota,35,2013,0.4550 ,48294,0,4105,0.085000207,0,0.085000207,0,0.3,10,,0.104,82.9089,587398,727382,"5,298,770",R,R,R,6.4
North Dakota,35,2014,0.4664 ,47949,0,4009,0.083609669,0,0.083609669,0,0.3,10,2629,0.081,82.9089,606989,744395,"6,120,435",R,R,R,5
North Dakota,35,2015,0.4664 ,47780,0,4094,0.085684387,0,0.085684387,0,0.3,10,,0.083,82.9089,597642,762693,"5,736,355",R,R,R,5.4
North Dakota,35,2016,0.4533 ,47696,0,5106,0.107053002,0,0.107053002,0,0.3,10,2604,0.078,82.9089,576704,764650,"3,709,105",R,R,R,5.5
North Dakota,35,2017,0.4546 ,47346,0,5648,0.11929202,0,0.11929202,0,0.3,10,,0.075,82.9089,573149,766673,"3,465,326",R,R,R,5.1
North Dakota,35,2018,0.4427 ,46333,0,6140,0.132518939,0,0.132518939,0,0.3,10,2626,0.077,82.9089,578319,771407,"4,205,184",R,R,R,5.2
North Dakota,35,2019,0.4558 ,45590,0,6111,0.134042553,0,0.134042553,0,0.3,10,,0.074,82.9089,581932,776516,"4,969,744",R,R,R,6
Ohio,36,2010,0.4520 ,547551,739,142040,0.260759272,0.001349646,0.259409626,0,10.8,282,2452,0.123,76.9586,6418162,11541886,"23,583,596",D,D,R,13.7
Ohio,36,2011,0.4594 ,542774,523,141173,0.261058931,0.000963569,0.260095362,0,10.8,282,,0.121,76.9586,6521658,11557958,"25,018,133",R,R,R,13.4
Ohio,36,2012,0.4615 ,524338,286,143639,0.274488975,0.00054545,0.273943525,0,10.8,282,3693,0.116,76.9586,6605931,11573024,"25,928,118",R,R,R,12.6
Ohio,36,2013,0.4652 ,520039,0,141291,0.271693085,0,0.271693085,0,10.8,282,,0.11,76.9586,6680769,11611630,"27,516,947",R,R,R,12.7
Ohio,36,2014,0.4637 ,510244,0,139328,0.273061516,0,0.273061516,0,10.8,282,5304,0.084,76.9586,6771468,11648446,"27,020,507",R,R,R,12.4
Ohio,36,2015,0.4637 ,504815,0,137464,0.272305696,0,0.272305696,0,10.8,282,,0.065,76.9586,6862127,11674128,"28,297,156",R,R,R,12.3
Ohio,36,2016,0.4680 ,501474,0,137376,0.273944412,0,0.273944412,0,10.8,282,6543,0.056,76.9586,6931334,11701886,"28,694,883",R,R,R,12.4
Ohio,36,2017,0.4642 ,497473,0,135150,0.271673036,0,0.271673036,0,10.8,282,,0.058,76.9586,6987207,11737605,"29,476,074",R,R,R,12.5
Ohio,36,2018,0.4667 ,495612,0,133518,0.269400257,0,0.269400257,0,10.8,282,6694,0.065,76.9586,7066115,11762842,"29,324,817",R,R,R,12.7
Ohio,36,2019,0.4651 ,511858,0,129377,0.252759554,0,0.252759554,0,10.8,282,,0.067,76.9586,7071693,11788547,"30,739,230",R,R,R,11.9
Oklahoma,37,2010,0.4540 ,191174,0,17890,0.093579671,0,0.093579671,0,1.9,55,3793,0.192,63.5176,2130128,3759581,"7,082,161",D,R,R,5.5
Oklahoma,37,2011,0.4613 ,190670,0,20061,0.105213196,0,0.105213196,0,1.9,55,,0.187,63.5176,2158874,3786640,"7,776,210",R,R,R,6.4
Oklahoma,37,2012,0.4643 ,193287,0,20660,0.106887685,0,0.106887685,0,1.9,55,4434,0.184,63.5176,2211773,3815353,"8,823,958",R,R,R,7.5
Oklahoma,37,2013,0.4619 ,186412,0,23395,0.125501577,0,0.125501577,0,1.9,55,,0.178,63.5176,2248291,3848112,"8,892,503",R,R,R,7.5
Oklahoma,37,2014,0.4660 ,181597,0,23024,0.126786235,0,0.126786235,0,1.9,55,4602,0.152,63.5176,2272885,3871583,"9,048,524",R,R,R,6
Oklahoma,37,2015,0.4702 ,177947,0,22856,0.128442739,0,0.128442739,0,1.9,55,,0.142,63.5176,2287598,3901051,"9,692,601",R,R,R,5.6
Oklahoma,37,2016,0.4645 ,176678,0,23060,0.130519929,0,0.130519929,0,1.9,55,4410,0.138,63.5176,2286923,3916821,"8,761,599",R,R,R,5.4
Oklahoma,37,2017,0.4658 ,173169,0,21610,0.124791389,0,0.124791389,0,1.9,55,,0.14,63.5176,2291751,3920455,"8,347,989",R,R,R,5.5
Oklahoma,37,2018,0.4687 ,169999,0,20318,0.11951835,0,0.11951835,0,1.9,55,3882,0.137,63.5176,2311760,3928494,"9,506,058",R,R,R,5.7
Oklahoma,37,2019,0.4739 ,166834,0,19958,0.119627894,0,0.119627894,0,1.9,55,,0.149,63.5176,2309792,3943796,"10,787,693",R,R,R,6.2
Oregon,38,2010,0.4490 ,208002,1148,30183,0.150628359,0.005519178,0.145109182,0,1.2,40,2758,0.172,74.7912,2174324,3837611,"7,475,135",D,D,D,16.2
Oregon,38,2011,0.4586 ,214221,1073,30915,0.149322429,0.005008846,0.144313583,0,1.2,40,,0.156,74.7912,2201553,3872655,"8,017,377",D,O,D,17.1
Oregon,38,2012,0.4565 ,211273,4508,30544,0.165908564,0.021337322,0.144571242,0,1.2,40,2747,0.146,74.7912,2219899,3900071,"8,728,095",D,O,D,15.8
Oregon,38,2013,0.4600 ,207803,3705,32531,0.174376693,0.017829386,0.156547307,0,1.2,40,,0.149,74.7912,2259714,3924064,"9,160,887",D,D,D,13.9
Oregon,38,2014,0.4624 ,201645,3232,34987,0.189536066,0.016028168,0.173507898,0,1.2,40,3759,0.098,74.7912,2323122,3965387,"9,681,898",D,D,D,15.6
Oregon,38,2015,0.4622 ,197948,2454,35065,0.189539677,0.012397195,0.177142482,0,1.2,40,,0.07,74.7912,2391112,4018466,"10,577,079",D,D,D,14.8
Oregon,38,2016,0.4583 ,197198,407,33679,0.172851652,0.002063915,0.170787736,0,1.2,40,3727,0.062,74.7912,2450316,4093179,"10,888,032",D,D,D,13.5
Oregon,38,2017,0.4593 ,192334,385,32810,0.17259039,0.002001726,0.170588663,0,1.2,40,,0.068,74.7912,2516476,4147186,"11,839,680",D,D,D,14.9
Oregon,38,2018,0.4582 ,191943,337,32018,0.168565668,0.00175573,0.166809938,0,1.2,40,3090,0.072,74.7912,2570224,4183414,"12,647,344",D,D,D,13.9
Oregon,38,2019,0.4500 ,189901,386,26344,0.140757553,0.002032638,0.138724915,0,1.2,40,,0.071,74.7912,2575104,4215976,"14,184,891",D,D,D,14.4
Pennsylvania,39,2010,0.4610 ,432889,4633,291828,0.684842997,0.010702513,0.674140484,1,10.5,284,16585,0.102,74.9897,7119776,12716521,"30,169,122",D,D,R,14.7
Pennsylvania,39,2011,0.4611 ,428269,4256,292500,0.692919637,0.009937679,0.682981958,1,10.5,284,,0.101,74.9897,7217098,12772774,"32,352,286",R,R,R,14.5
Pennsylvania,39,2012,0.4642 ,425890,3987,291051,0.692756346,0.009361572,0.683394773,1,10.5,284,14297,0.097,74.9897,7284519,12815609,"32,949,917",R,R,R,13.4
Pennsylvania,39,2013,0.4696 ,419849,3966,288374,0.696297955,0.009446253,0.686851701,1,10.5,284,,0.097,74.9897,7350854,12846775,"33,965,626",R,R,R,12.7
Pennsylvania,39,2014,0.4686 ,413591,4171,285879,0.701296692,0.010084842,0.691211849,1,10.5,284,15060,0.086,74.9897,7434313,12880463,"34,192,869",R,R,R,12.7
Pennsylvania,39,2015,0.4685 ,409054,3970,285984,0.708840398,0.00970532,0.699135078,1,10.5,284,,0.063,74.9897,7510351,12898688,"36,110,311",D,R,R,13.3
Pennsylvania,39,2016,0.4689 ,406345,4117,281562,0.703045442,0.010131785,0.692913657,1,10.5,284,15622,0.058,74.9897,7593733,12918191,"37,394,589",D,R,R,12.1
Pennsylvania,39,2017,0.4777 ,400943,2137,284191,0.714136423,0.005329935,0.708806489,1,10.5,284,,0.055,74.9897,7662558,12945337,"38,397,150",D,R,R,12
Pennsylvania,39,2018,0.4747 ,392771,1453,287421,0.735476906,0.003699357,0.73177755,1,10.5,284,14836,0.056,74.9897,7764044,12980864,"40,709,545",D,R,R,12.5
Pennsylvania,39,2019,0.4745 ,389298,1399,284011,0.733140165,0.003593648,0.729546517,1,10.5,284,,0.057,74.9897,7774724,12991448,"43,132,450",D,R,R,12
Rhode Island,40,2010,0.4670 ,43224,0,48103,1.112877105,0,1.112877105,1,38.8,1018,5360,0.121,71.3445,586363,1054954,"2,568,759",R,D,D,16.4
Rhode Island,40,2011,0.4674 ,43254,0,47751,1.103967263,0,1.103967263,1,38.8,1018,,0.11,71.3445,591692,1058647,"2,713,283",O,D,D,17.4
Rhode Island,40,2012,0.4647 ,43204,0,46757,1.082237756,0,1.082237756,1,38.8,1018,5395,0.114,71.3445,592978,1063602,"2,868,188",O,D,D,17.8
Rhode Island,40,2013,0.4769 ,42786,0,46480,1.086336652,0,1.086336652,1,38.8,1018,,0.12,71.3445,602429,1068168,"2,940,433",D,D,D,16.9
Rhode Island,40,2014,0.4827 ,42765,0,46284,1.082286917,0,1.082286917,1,38.8,1018,5787,0.071,71.3445,613133,1073041,"2,974,435",D,D,D,15.1
Rhode Island,40,2015,0.4732 ,41320,0,46330,1.12124879,0,1.12124879,1,38.8,1018,,0.052,71.3445,627028,1077348,"3,165,635",D,D,D,14.2
Rhode Island,40,2016,0.4781 ,41369,0,46919,1.134158428,0,1.134158428,1,38.8,1018,6149,0.042,71.3445,633501,1082251,"3,245,562",D,D,D,15.4
Rhode Island,40,2017,0.4722 ,41018,0,46285,1.128407041,0,1.128407041,1,38.8,1018,,0.045,71.3445,639095,1084914,"3,266,663",D,D,D,16.1
Rhode Island,40,2018,0.4700 ,40082,0,44836,1.118606856,0,1.118606856,1,38.8,1018,5944,0.04,71.3445,648805,1091751,"3,358,594",D,D,D,17.3
Rhode Island,40,2019,0.4628 ,39763,0,43910,1.104292936,0,1.104292936,1,38.8,1018,,0.043,71.3445,651014,1094524,"3,612,575",D,D,D,17.4
South Carolina,41,2010,0.4610 ,204047,4494,31004,0.173969723,0.022024338,0.151945385,0,7.9,154,5810,0.177,63.368,2357627,4633890,"7,242,724",R,R,R,4.6
South Carolina,41,2011,0.4648 ,206695,4340,31383,0.172829531,0.020997121,0.15183241,0,7.9,154,,0.169,63.368,2427409,4662785,"7,705,772",R,R,R,3.4
South Carolina,41,2012,0.4684 ,207020,4096,30896,0.169027147,0.019785528,0.149241619,0,7.9,154,6512,0.167,63.368,2453282,4701074,"8,062,639",R,R,R,3.3
South Carolina,41,2013,0.4665 ,205879,3906,32151,0.175136852,0.018972309,0.156164543,0,7.9,154,,0.158,63.368,2500792,4740306,"8,843,108",R,R,R,3.7
South Carolina,41,2014,0.4687 ,204078,3557,32507,0.176716746,0.01742961,0.159287135,0,7.9,154,6513,0.136,63.368,2564448,4792246,"9,004,192",R,R,R,2.1
South Carolina,41,2015,0.4698 ,201444,3363,33059,0.180804591,0.016694466,0.164110125,0,7.9,154,,0.108,63.368,2636738,4852678,"9,598,478",R,R,R,2.1
South Carolina,41,2016,0.4735 ,200295,3321,33430,0.183484361,0.016580544,0.166903817,0,7.9,154,6264,0.099,63.368,2700086,4910768,"9,457,330",R,R,R,1.6
South Carolina,41,2017,0.4795 ,200622,3480,32853,0.181101773,0.017346054,0.16375572,0,7.9,154,,0.111,63.368,2759410,4965753,"9,793,497",R,R,R,2.6
South Carolina,41,2018,0.4762 ,196525,627,35514,0.183900267,0.003190434,0.180709833,0,7.9,154,6460,0.105,63.368,2843727,5021059,"10,530,212",R,R,R,2.7
South Carolina,41,2019,0.4747 ,197809,612,35529,0.18270655,0.003093894,0.179612657,0,7.9,154,,0.108,63.368,2882927,5077543,"11,221,043",R,R,R,2.2
South Dakota,42,2010,0.4420 ,41369,0,5356,0.129468926,0,0.129468926,0,0.3,11,830,0.119,80.677,558135,816078,"1,321,228",R,R,R,5.6
South Dakota,42,2011,0.4324 ,41780,0,6095,0.145883198,0,0.145883198,0,0.3,11,,0.116,80.677,566480,823160,"1,380,051",R,R,R,5.1
South Dakota,42,2012,0.4335 ,42427,0,6103,0.143847079,0,0.143847079,0,0.3,11,1311,0.107,80.677,574966,832800,"1,521,928",R,R,R,5.6
South Dakota,42,2013,0.4427 ,42527,0,6068,0.142685823,0,0.142685823,0,0.3,11,,0.125,80.677,581384,841206,"1,533,573",R,R,R,4.7
South Dakota,42,2014,0.4468 ,42540,0,6079,0.142900799,0,0.142900799,0,0.3,11,1225,0.1,80.677,589296,847634,"1,608,496",R,R,R,4.9
South Dakota,42,2015,0.4436 ,42756,0,6269,0.146622696,0,0.146622696,0,0.3,11,,0.112,80.677,592591,852134,"1,674,108",R,R,R,5.9
South Dakota,42,2016,0.4495 ,42862,0,6450,0.150482945,0,0.150482945,0,0.3,11,1576,0.083,80.677,597324,860650,"1,840,434",R,R,R,5.2
South Dakota,42,2017,0.4488 ,44433,0,6250,0.14066122,0,0.14066122,0,0.3,11,,0.092,80.677,601286,870163,"1,828,426",R,R,R,5.3
South Dakota,42,2018,0.4445 ,43704,0,6516,0.149093904,0,0.149093904,0,0.3,11,1648,0.094,80.677,610122,875300,"1,917,548",R,R,R,5.6
South Dakota,42,2019,0.4360 ,43468,1866,6301,0.187885341,0.042928131,0.14495721,0,0.3,11,,0.096,80.677,610822,882507,"1,940,415",R,R,R,5.6
Tennessee,43,2010,0.4680 ,242486,1659,61057,0.258637612,0.006841632,0.25179598,0,7,154,1279,0.144,72.219,3515804,6356320,"10,513,788",D,R,R,4.7
Tennessee,43,2011,0.4756 ,241917,1511,65822,0.278330998,0.006245944,0.272085054,0,7,154,,0.149,72.219,3589041,6404344,"11,397,010",R,R,R,4.6
Tennessee,43,2012,0.4732 ,235010,832,66971,0.288511127,0.003540275,0.284970852,0,7,154,1183,0.139,72.219,3635195,6463111,"11,380,078",R,R,R,4.8
Tennessee,43,2013,0.4783 ,229302,858,77049,0.339757176,0.00374179,0.336015386,0,7,154,,0.14,72.219,3688630,6507640,"11,727,736",R,R,R,6.1
Tennessee,43,2014,0.4811 ,224033,645,79173,0.35627787,0.00287904,0.35339883,0,7,154,1729,0.119,72.219,3772332,6558710,"11,806,329",R,R,R,5.1
Tennessee,43,2015,0.4789 ,223411,507,79313,0.357278737,0.00226936,0.355009377,0,7,154,,0.103,72.219,3859507,6612901,"12,698,496",R,R,R,5.4
Tennessee,43,2016,0.4790 ,221288,459,81155,0.368813492,0.00207422,0.366739272,0,7,154,1872,0.091,72.219,3951854,6672356,"13,386,169",R,R,R,5.7
Tennessee,43,2017,0.4822 ,223179,207,81139,0.364487698,0.000927507,0.363560192,0,7,154,,0.094,72.219,4033801,6739437,"13,893,728",R,R,R,5.7
Tennessee,43,2018,0.4778 ,225281,2939,80754,0.371504921,0.013045929,0.358458991,0,7,154,2556,0.102,72.219,4120207,6806545,"15,743,880",R,R,R,5.5
Tennessee,43,2019,0.4749 ,226346,2843,79157,0.362277222,0.012560416,0.349716805,0,7,154,,0.102,72.219,4168956,6862378,"16,450,938",R,R,R,4.5
Texas,44,2010,0.4690 ,1282569,532,119042,0.093230072,0.000414792,0.092815279,0,3.3,96,-9529,0.239,50.1256,14262558,25238863,"39,516,186",R,R,R,5.4
Texas,44,2011,0.4771 ,1317271,514,126306,0.096274798,0.000390201,0.095884598,0,3.3,96,,0.231,50.1256,14681432,25630063,"43,146,096",R,R,R,5.2
Texas,44,2012,0.4767 ,1313834,450,127208,0.097164482,0.000342509,0.096821973,0,3.3,96,-9964,0.225,50.1256,15095912,26055816,"47,991,110",R,R,R,5.7
Texas,44,2013,0.4807 ,1336269,2019,127057,0.096594323,0.001510923,0.0950834,0,3.3,96,,0.22,50.1256,15529989,26438164,"51,801,013",R,R,R,4.8
Texas,44,2014,0.4827 ,1352924,2968,128237,0.09697884,0.002193767,0.094785073,0,3.3,96,-9601,0.191,50.1256,16000512,26907878,"55,146,619",R,R,R,4.8
Texas,44,2015,0.4823 ,1368708,3057,129728,0.097014849,0.002233493,0.094781356,0,3.3,96,,0.17,50.1256,16414591,27399070,"55,086,438",R,R,R,4.5
Texas,44,2016,0.4800 ,1411798,643,131505,0.093602626,0.000455448,0.093147178,0,3.3,96,-11098,0.166,50.1256,16683310,27830020,"52,132,817",R,R,R,4
Texas,44,2017,0.4781 ,1438504,2041,134230,0.094731054,0.001418835,0.093312219,0,3.3,96,,0.174,50.1256,17102378,28192251,"53,612,926",R,R,R,4.7
Texas,44,2018,0.4822 ,1458406,649,134011,0.092333685,0.000445006,0.091888678,0,3.3,96,-12580,0.177,50.1256,17606363,28510878,"60,328,843",R,R,R,4.3
Texas,44,2019,0.4753 ,1468839,605,134248,0.091809245,0.00041189,0.091397355,0,3.3,96,,0.184,50.1256,17902704,28857754,"63,314,370",R,R,R,4
Utah,45,2010,0.4190 ,171735,1740,61310,0.367135412,0.010131889,0.357003523,0,1.1,34,5060,0.155,78.6588,1620799,2776094,"5,237,427",R,R,R,6.5
Utah,45,2011,0.4249 ,171792,1537,70416,0.418837897,0.008946866,0.409891031,0,1.1,34,,0.151,78.6588,1664426,2818261,"5,516,864",R,R,R,5.8
Utah,45,2012,0.4244 ,171001,7957,81270,0.52179227,0.046531892,0.475260379,0,1.1,34,5434,0.14,78.6588,1706060,2860480,"5,809,955",R,R,R,5.2
Utah,45,2013,0.4259 ,168311,1237,88222,0.531510121,0.00734949,0.524160631,0,1.1,34,,0.134,78.6588,1753371,2908068,"6,328,912",R,R,R,3.9
Utah,45,2014,0.4283 ,167716,1135,100681,0.607073863,0.006767392,0.60030647,0,1.1,34,4989,0.124,78.6588,1803953,2950652,"6,312,489",R,R,R,3.7
Utah,45,2015,0.4252 ,171225,1029,117081,0.689794131,0.006009636,0.683784494,0,1.1,34,,0.107,78.6588,1865926,2999092,"6,703,356",R,R,R,3.9
Utah,45,2016,0.4263 ,175308,1297,131568,0.757894677,0.007398407,0.750496269,0,1.1,34,5169,0.085,78.6588,1933142,3063043,"7,082,961",R,R,R,4.7
Utah,45,2017,0.4225 ,180034,1345,147622,0.827438151,0.007470811,0.81996734,0,1.1,34,,0.09,78.6588,1995156,3125784,"7,882,783",R,R,R,3.9
Utah,45,2018,0.4269 ,183949,1222,171607,0.939548462,0.006643146,0.932905316,0,1.1,34,6002,0.09,78.6588,2069443,3180896,"9,365,418",R,R,R,4.1
Utah,45,2019,0.4268 ,189351,2391,186650,0.998362829,0.012627343,0.985735486,0,1.1,34,,0.096,78.6588,2102910,3232701,"9,918,773",R,R,R,4.4
Vermont,46,2010,0.4440 ,27524,0,17887,0.649869205,0,0.649869205,0,1.7,68,2660,0.078,89.8417,413312,626360,"2,511,387",R,D,D,11.8
Vermont,46,2011,0.4308 ,27132,0,17944,0.661359281,0,0.661359281,0,1.7,68,,0.073,89.8417,416949,629582,"2,687,926",D,D,D,12
Vermont,46,2012,0.4392 ,26501,517,18135,0.703822497,0.019508698,0.684313799,0,1.7,68,2801,0.066,89.8417,421809,630661,"2,731,036",D,D,D,10.7
Vermont,46,2013,0.4537 ,25852,462,17592,0.698359895,0.017870958,0.680488937,0,1.7,68,,0.07,89.8417,425029,632824,"2,850,183",D,D,D,10.9
Vermont,46,2014,0.4406 ,25643,422,18289,0.729672815,0.016456733,0.713216082,0,1.7,68,2786,0.047,89.8417,428938,633827,"2,962,531",D,D,D,11.1
Vermont,46,2015,0.4452 ,25383,379,18565,0.746326281,0.014931253,0.731395028,0,1.7,68,,0.039,89.8417,432508,635874,"3,043,152",D,D,D,12.5
Vermont,46,2016,0.4539 ,25736,300,19323,0.762472801,0.011656823,0.750815978,0,1.7,68,3026,0.036,89.8417,433778,636342,"3,117,428",D,D,D,11.5
Vermont,46,2017,0.4525 ,24153,144,19011,0.793069184,0.005961992,0.787107192,0,1.7,68,,0.042,89.8417,436289,639061,"3,157,314",R,D,D,11
Vermont,46,2018,0.4473 ,25197,73,16899,0.673572251,0.00289717,0.67067508,0,1.7,68,2525,0.041,89.8417,438071,640667,"3,326,560",R,D,D,10.5
Vermont,46,2019,0.4471 ,25131,58,16337,0.652381521,0.002307907,0.650073614,0,1.7,68,,0.044,89.8417,433933,641838,"3,493,747",R,D,D,11.3
Virginia,47,2010,0.4590 ,409004,16911,104275,0.296295391,0.041346784,0.254948607,0,6.7,203,2619,0.129,60.3478,4743189,8025030,"16,411,055",R,R,D,4.6
Virginia,47,2011,0.4632 ,413761,17597,111850,0.312854522,0.042529383,0.270325139,0,6.7,203,,0.125,60.3478,4802678,8107628,"17,416,204",R,R,D,4.6
Virginia,47,2012,0.4661 ,409753,14640,121908,0.333244662,0.035728842,0.297515821,0,6.7,203,4719,0.125,60.3478,4856886,8196915,"18,144,897",R,R,R,4.4
Virginia,47,2013,0.4672 ,405915,15576,125791,0.348267494,0.038372566,0.309894929,0,6.7,203,,0.124,60.3478,4898765,8269638,"19,186,853",R,R,R,5
Virginia,47,2014,0.4658 ,399359,17689,130043,0.369922801,0.04429348,0.325629321,0,6.7,203,4217,0.109,60.3478,4953354,8333578,"18,930,418",D,R,D,4.9
Virginia,47,2015,0.4681 ,394210,17488,130932,0.376499835,0.044362142,0.332137693,0,6.7,203,,0.093,60.3478,5060290,8389864,"20,536,885",D,R,R,5.4
Virginia,47,2016,0.4705 ,389446,14160,127523,0.363806535,0.036359341,0.327447194,0,6.7,203,3336,0.088,60.3478,5156641,8444688,"21,213,280",D,R,R,4.3
Virginia,47,2017,0.4674 ,389249,13582,127073,0.361349676,0.034892832,0.326456844,0,6.7,203,,0.088,60.3478,5229033,8502578,"22,202,326",D,R,R,4.6
Virginia,47,2018,0.4754 ,384879,14759,130396,0.377144505,0.038347117,0.338797388,0,6.7,203,3206,0.087,60.3478,5298892,8547016,"24,315,846",D,R,R,4.3
Virginia,47,2019,0.4690 ,384393,14103,136593,0.392036275,0.036689014,0.355347262,0,6.7,203,,0.08,60.3478,5327163,8597339,"27,076,451",D,R,R,4
Washington,48,2010,0.4410 ,330248,1798,40112,0.126904629,0.005444393,0.121460236,0,3.6,101,-2383,0.142,66.5897,3771444,6743597,"16,106,154",D,D,D,19.4
Washington,48,2011,0.4449 ,316365,3489,39840,0.136958892,0.011028401,0.125930492,0,3.6,101,,0.141,66.5897,3814305,6830460,"17,411,033",D,D,D,18.9
Washington,48,2012,0.4498 ,310798,3025,39472,0.136735114,0.00973301,0.127002104,0,3.6,101,-2097,0.138,66.5897,3909210,6904030,"17,624,715",D,D,D,18.5
Washington,48,2013,0.4572 ,310192,2595,39589,0.135993191,0.008365786,0.127627405,0,3.6,101,,0.141,66.5897,3991724,6974173,"18,787,187",D,D,R,18.9
Washington,48,2014,0.4542 ,312523,2425,39372,0.133740557,0.007759429,0.125981128,0,3.6,101,-2136,0.092,66.5897,4094309,7068026,"19,447,899",D,D,R,16.8
Washington,48,2015,0.4561 ,314506,839,40895,0.132696991,0.002667676,0.130029316,0,3.6,101,,0.065,66.5897,4199112,7180454,"20,644,454",D,D,R,16.8
Washington,48,2016,0.4591 ,315356,0,42163,0.133699692,0,0.133699692,0,3.6,101,-1401,0.059,66.5897,4313687,7315935,"22,280,088",D,D,R,17.4
Washington,48,2017,0.4561 ,318336,0,41383,0.129997864,0,0.129997864,0,3.6,101,,0.061,66.5897,4431999,7446807,"23,995,147",D,D,R,18.7
Washington,48,2018,0.4574 ,319377,0,41428,0.129715039,0,0.129715039,0,3.6,101,-1228,0.065,66.5897,4538137,7548537,"26,579,324",D,D,D,19.8
Washington,48,2019,0.4577 ,315652,0,40847,0.129405168,0,0.129405168,0,3.6,101,,0.066,66.5897,4593480,7638689,"27,992,437",D,D,D,18.8
West Virginia,49,2010,0.4510 ,91410,0,6609,0.072300624,0,0.072300624,0,2.7,77,4182,0.146,89.7996,899472,1854409,"4,803,704",D,D,D,14.8
West Virginia,49,2011,0.4721 ,91087,0,6471,0.071041971,0,0.071041971,0,2.7,77,,0.154,89.7996,909035,1857326,"5,210,925",D,D,D,13.8
West Virginia,49,2012,0.4638 ,88452,0,6900,0.078008411,0,0.078008411,0,2.7,77,4620,0.142,89.7996,918927,1858745,"5,285,773",D,D,D,12
West Virginia,49,2013,0.4647 ,86085,55422,7740,0.733716675,0.643805541,0.089911134,0,2.7,77,,0.135,89.7996,913619,1856642,"5,389,952",D,D,D,12.7
West Virginia,49,2014,0.4546 ,83510,57539,7908,0.783702551,0.689007305,0.094695246,0,2.7,77,4190,0.089,89.7996,911516,1853014,"5,386,588",D,D,D,10.6
West Virginia,49,2015,0.4581 ,85287,52361,7917,0.706766565,0.613938818,0.092827746,0,2.7,77,,0.055,89.7996,904242,1846341,"5,565,985",D,R,R,12.4
West Virginia,49,2016,0.4711 ,84016,48623,7793,0.671491145,0.578735003,0.092756142,0,2.7,77,3798,0.049,89.7996,890217,1835998,"5,212,967",D,R,R,11.8
West Virginia,49,2017,0.4686 ,82800,46420,7539,0.651678744,0.560628019,0.091050725,0,2.7,77,,0.058,89.7996,889027,1822785,"5,092,879",D,R,R,11
West Virginia,49,2018,0.4742 ,80594,46088,7373,0.663337221,0.571853984,0.091483237,0,2.7,77,3619,0.062,89.7996,897525,1810588,"5,443,291",R,R,R,10
West Virginia,49,2019,0.4644 ,80809,45249,6966,0.646153275,0.559950006,0.086203269,0,2.7,77,,0.066,89.7996,881303,1800430,"5,792,317",R,R,R,10.2
Wisconsin,50,2010,0.4300 ,301212,0,61328,0.203604106,0,0.203604106,0,3.5,105,1733,0.096,80.383,3426438,5691995,"14,368,569",D,D,D,14.2
Wisconsin,50,2011,0.4370 ,296795,6987,60340,0.226846813,0.023541502,0.203305312,0,3.5,105,,0.092,80.383,3474418,5713164,"15,347,327",R,R,R,13.3
Wisconsin,50,2012,0.4401 ,293416,6009,59823,0.224364043,0.020479456,0.203884587,0,3.5,105,2636,0.092,80.383,3499405,5734069,"15,995,335",R,R,R,11.2
Wisconsin,50,2013,0.4446 ,289339,5834,59450,0.225631526,0.0201632,0.205468326,0,3.5,105,,0.09,80.383,3539937,5757204,"16,522,612",R,R,R,12.3
Wisconsin,50,2014,0.4397 ,286726,5887,58750,0.225431248,0.020531797,0.204899451,0,3.5,105,2618,0.074,80.383,3585838,5778371,"16,364,516",R,R,R,11.6
Wisconsin,50,2015,0.4410 ,282250,6420,59097,0.232124004,0.022745793,0.209378211,0,3.5,105,,0.058,80.383,3624584,5794088,"17,019,139",R,R,R,8.3
Wisconsin,50,2016,0.4498 ,278442,6412,56901,0.227383082,0.023028135,0.204354946,0,3.5,105,2673,0.052,80.383,3657864,5812379,"17,649,467",R,R,R,8.1
Wisconsin,50,2017,0.4467 ,279533,0,61451,0.21983451,0,0.21983451,0,3.5,105,,0.051,80.383,3679235,5836461,"18,138,414",R,R,R,8.3
Wisconsin,50,2018,0.4483 ,276894,0,60157,0.217256423,0,0.217256423,0,3.5,105,3283,0.055,80.383,3720737,5858766,"18,717,467",R,R,R,8.1
Wisconsin,50,2019,0.4391 ,274517,0,59035,0.215050434,0,0.215050434,0,3.5,105,,0.058,80.383,3719266,5880193,"19,871,532",D,R,R,8.1
Wyoming,51,2010,0.4230 ,36292,0,0,0,0,0,0,0.2,6,822,0.147,84.6621,385059,564405,"2,158,260",D,R,R,7.4
Wyoming,51,2011,0.4081 ,36368,4801,0,0.132011659,0.132011659,0,0,0.2,6,,0.154,84.6621,390303,566858,"2,271,704",R,R,R,7.2
Wyoming,51,2012,0.4166 ,35859,5009,0,0.139685992,0.139685992,0,0,0.2,6,845,0.161,84.6621,396704,575497,"2,304,628",R,R,R,6.7
Wyoming,51,2013,0.4183 ,35547,2739,0,0.077052916,0.077052916,0,0,0.2,6,,0.128,84.6621,400402,580930,"2,186,054",R,R,R,5.7
Wyoming,51,2014,0.4270 ,34316,1991,0,0.058019583,0.058019583,0,0,0.2,6,609,0.124,84.6621,406343,580949,"2,263,387",R,R,R,6.7
Wyoming,51,2015,0.4374 ,33693,0,949,0.028166088,0,0.028166088,0,0.2,6,,0.104,84.6621,406033,583645,"2,356,323",R,R,R,7.1
Wyoming,51,2016,0.4360 ,32802,0,997,0.030394488,0,0.030394488,0,0.2,6,509,0.11,84.6621,398130,581983,"1,913,607",R,R,R,6.3
Wyoming,51,2017,0.4326 ,32551,0,0,0,0,0,0,0.2,6,,0.123,84.6621,398940,576248,"1,649,550",R,R,R,6
Wyoming,51,2018,0.4555 ,32472,0,0,0,0,0,0,0.2,6,759,0.106,84.6621,404530,574801,"1,837,401",R,R,R,6.5
Wyoming,51,2019,0.4345 ,32120,0,0,0,0,0,0,0.2,6,,0.123,84.6621,408143,575341,"2,110,704",R,R,R,7.3
,,,,,8990622,,,,,,,,,,,,,,,,,
